"Status","Start Time","Stop Time","Duration in ms","Parent Suite","Suite","Sub Suite","Test Class","Test Method","Name","Description"
"passed","Sat Jul 22 17:21:33 GMT 2023","Sat Jul 22 17:21:35 GMT 2023","1993","Surefire suite","Surefire test","tests.ManageJenkinsTest","tests.ManageJenkinsTest","testCreateUserWithIncorrectCharactersInName","testCreateUserWithIncorrectCharactersInName","Try to create user with invalid characters in name and verify that error message 'User name must only contain alphanumeric characters, underscore and dash' appeared"
"unknown","Sat Jul 22 17:15:41 GMT 2023","Sat Jul 22 17:15:41 GMT 2023","0","Surefire suite","Surefire test","tests.ViewsTest","tests.ViewsTest","testEditViewDeleteDescription","testEditViewDeleteDescription",""
"unknown","Sat Jul 22 17:15:41 GMT 2023","Sat Jul 22 17:15:41 GMT 2023","0","Surefire suite","Surefire test","tests.ViewsTest","tests.ViewsTest","testListViewCheckEveryAddColumnItem","testListViewCheckEveryAddColumnItem",""
"passed","Sat Jul 22 17:16:33 GMT 2023","Sat Jul 22 17:16:35 GMT 2023","1477","Surefire suite","Surefire test","tests.FooterComponentTest","tests.FooterComponentTest","testFooterLinkJenkinsRedirectToPage","testFooterLinkJenkinsRedirectToPage","Verification that the link redirect to the 'https://www.jenkins.io/'"
"passed","Sat Jul 22 17:16:46 GMT 2023","Sat Jul 22 17:16:50 GMT 2023","3859","Surefire suite","Surefire test","tests.PipelineTest","tests.PipelineTest","testAddingGitRepository","testAddingGitRepository","Check the GitHub creation button on the side menu"
"unknown","Sat Jul 22 17:15:41 GMT 2023","Sat Jul 22 17:15:41 GMT 2023","0","Surefire suite","Surefire test","tests.FreestyleProjectTest","tests.FreestyleProjectTest","testBuildGitProjectWithBuildStepsMaven","testBuildGitProjectWithBuildStepsMaven","Test if Console Output page  log contains 'T E S T S' section thus proving that tests of sourced project were run.Test if Console Output log contains 'BUILD SUCCESS' text thus proving that the run was successProject sourced from GitHub using Maven with Build Steps goal: 'test'"
"passed","Sat Jul 22 17:25:36 GMT 2023","Sat Jul 22 17:25:39 GMT 2023","2610","Surefire suite","Surefire test","tests.FolderTest","tests.FolderTest","testRenameFolderFromDropDownMenuRename","testRenameFolderFromDropDownMenuRename","Verify that the name of the folder can be changed using the option 'Rename' dropdown menu"
"unknown","Sat Jul 22 17:15:41 GMT 2023","Sat Jul 22 17:15:41 GMT 2023","0","Surefire suite","Surefire test","tests.ViewsTest","tests.ViewsTest","testMultipleSpacesRenameView","testMultipleSpacesRenameView",""
"unknown","Sat Jul 22 17:15:41 GMT 2023","Sat Jul 22 17:15:41 GMT 2023","0","Surefire suite","Surefire test","tests.ViewsTest","tests.ViewsTest","testIllegalCharacterRenameView","testIllegalCharacterRenameView","Verify that Error message appears when is trying to rename a List view with the name that contains invalid special characters"
"unknown","Sat Jul 22 17:15:41 GMT 2023","Sat Jul 22 17:15:41 GMT 2023","0","Surefire suite","Surefire test","tests.FreestyleProjectTest","tests.FreestyleProjectTest","testRenameFreestyleProjectToIncorrectViaSideMenu","testRenameFreestyleProjectToIncorrectViaSideMenu","Verify if error message arrears and contains expected text when attempting to rename an existing project with invalid data"
"passed","Sat Jul 22 17:29:13 GMT 2023","Sat Jul 22 17:29:14 GMT 2023","427","Surefire suite","Surefire test","tests.NewItemTest","tests.NewItemTest","testNewItemPageContainsSixItems","testNewItemPageContainsSixItems","Check if NewItemPage contains all six project types: Freestyle project, Pipeline, Multi-configuration project, Folder, Multibranch Pipeline, Organization Folder"
"passed","Sat Jul 22 17:20:17 GMT 2023","Sat Jul 22 17:20:18 GMT 2023","1220","Surefire suite","Surefire test","tests.HeaderComponentTest","tests.HeaderComponentTest","testUserDropdownMenuToOpenBuildsUserPage","testUserDropdownMenuToOpenBuildsUserPage","Verify if 'Builds' link in the User dropdown menu leads to the expected page named as 'Builds for admin'"
"passed","Sat Jul 22 17:26:18 GMT 2023","Sat Jul 22 17:26:18 GMT 2023","737","Surefire suite","Surefire test","tests.MultiConfigurationProjectTest","tests.MultiConfigurationProjectTest","testEnableMultiConfigurationProject","testEnableMultiConfigurationProject","Verify that multi-configuration project can be enabled on dashboard"
"unknown","Sat Jul 22 17:15:41 GMT 2023","Sat Jul 22 17:15:41 GMT 2023","0","Surefire suite","Surefire test","tests.ViewsTest","tests.ViewsTest","testAddDescription","testAddDescription","Verify if description of 'My views' page is saved"
"unknown","Sat Jul 22 17:15:41 GMT 2023","Sat Jul 22 17:15:41 GMT 2023","0","Surefire suite","Surefire test","tests.ViewsTest","tests.ViewsTest","testEditViewAddDescription","testEditViewAddDescription",""
"passed","Sat Jul 22 17:17:29 GMT 2023","Sat Jul 22 17:17:32 GMT 2023","2639","Surefire suite","Surefire test","tests.PipelineTest","tests.PipelineTest","testPipelineAddDescription","testPipelineAddDescription","Verify the description for Pipeline project on the Pipeline page is displayed if add description"
"passed","Sat Jul 22 17:28:30 GMT 2023","Sat Jul 22 17:28:30 GMT 2023","615","Surefire suite","Surefire test","tests.NewItemTest","tests.NewItemTest","testCreateNewItemWithSpecialCharacterName","testCreateNewItemWithSpecialCharacterName","Verify that creating NewItem with special characters is not possible"
"passed","Sat Jul 22 17:28:33 GMT 2023","Sat Jul 22 17:28:35 GMT 2023","1748","Surefire suite","Surefire test","tests.NewItemTest","tests.NewItemTest","testCreateNewPipelineWithDescription","testCreateNewPipelineWithDescription","Verify if pipeline project with description can be created"
"passed","Sat Jul 22 17:26:31 GMT 2023","Sat Jul 22 17:26:34 GMT 2023","2874","Surefire suite","Surefire test","tests.MultiConfigurationProjectTest","tests.MultiConfigurationProjectTest","testMultiConfigurationProjectRenameProjectViaSideMenu","testMultiConfigurationProjectRenameProjectViaSideMenu","Verify that the 'MultiConfigurationProject' can be renamed in the side menu"
"passed","Sat Jul 22 17:25:05 GMT 2023","Sat Jul 22 17:25:06 GMT 2023","776","Surefire suite","Surefire test","tests.FolderTest","tests.FolderTest","testDeleteMultibranchPipelineFromFolder","testDeleteMultibranchPipelineFromFolder","Confirm that the 'Multibranch pipeline' no longer exists within the folder after it has been deleted"
"passed","Sat Jul 22 17:21:42 GMT 2023","Sat Jul 22 17:21:45 GMT 2023","2238","Surefire suite","Surefire test","tests.ManageJenkinsTest","tests.ManageJenkinsTest","testCreateUserWithIncorrectCharactersInName","testCreateUserWithIncorrectCharactersInName","Try to create user with invalid characters in name and verify that error message 'User name must only contain alphanumeric characters, underscore and dash' appeared"
"passed","Sat Jul 22 17:18:29 GMT 2023","Sat Jul 22 17:18:32 GMT 2023","3159","Surefire suite","Surefire test","tests.PipelineTest","tests.PipelineTest","testRenamePipelineUsingSpecialCharacter","testRenamePipelineUsingSpecialCharacter","Verify 'Error' page is displayed and '‘<spChar>’ is an unsafe character' error message is displayed if rename pipeline using special character"
"passed","Sat Jul 22 17:28:27 GMT 2023","Sat Jul 22 17:28:27 GMT 2023","373","Surefire suite","Surefire test","tests.NewItemTest","tests.NewItemTest","testCreateNewItemWithSpecialCharacterName","testCreateNewItemWithSpecialCharacterName","Verify that creating NewItem with special characters is not possible"
"passed","Sat Jul 22 17:20:14 GMT 2023","Sat Jul 22 17:20:15 GMT 2023","643","Surefire suite","Surefire test","tests.HeaderComponentTest","tests.HeaderComponentTest","testManageJenkinsClickNameIconToReturnToTheMainPage","testManageJenkinsClickNameIconToReturnToTheMainPage","Verify that click on Jenkins icon leads to the Main page when click on Manage Jenkins page"
"passed","Sat Jul 22 17:23:42 GMT 2023","Sat Jul 22 17:23:46 GMT 2023","3265","Surefire suite","Surefire test","tests.MultibranchPipelineTest","tests.MultibranchPipelineTest","testChangeProjectIcon","testChangeProjectIcon","Verify that project icon can be changed"
"passed","Sat Jul 22 17:27:50 GMT 2023","Sat Jul 22 17:27:51 GMT 2023","1792","Surefire suite","Surefire test","tests.NewItemTest","tests.NewItemTest","testCreateNewFreestyleProject","testCreateNewFreestyleProject","Check if a new freestyle project can be created"
"passed","Sat Jul 22 17:28:25 GMT 2023","Sat Jul 22 17:28:26 GMT 2023","674","Surefire suite","Surefire test","tests.NewItemTest","tests.NewItemTest","testCreateNewItemWithSpecialCharacterName","testCreateNewItemWithSpecialCharacterName","Verify that creating NewItem with special characters is not possible"
"unknown","Sat Jul 22 17:15:41 GMT 2023","Sat Jul 22 17:15:41 GMT 2023","0","Surefire suite","Surefire test","tests.FreestyleProjectTest","tests.FreestyleProjectTest","testCheckFieldsDaysAndMaxNumberOfBuildsToKeepInConfigure","testCheckFieldsDaysAndMaxNumberOfBuildsToKeepInConfigure","Verify if 'Days to keep builds' and 'Max # of builds to keep' settings of 'Discard old builds' are displayed upon saved"
"passed","Sat Jul 22 17:28:22 GMT 2023","Sat Jul 22 17:28:22 GMT 2023","649","Surefire suite","Surefire test","tests.NewItemTest","tests.NewItemTest","testCreateNewItemWithSpecialCharacterName","testCreateNewItemWithSpecialCharacterName","Verify that creating NewItem with special characters is not possible"
"passed","Sat Jul 22 17:24:46 GMT 2023","Sat Jul 22 17:24:49 GMT 2023","3599","Surefire suite","Surefire test","tests.FolderTest","tests.FolderTest","testCreateFreestyleProjectInFolderCreateJob","testCreateFreestyleProjectInFolderCreateJob","Verify ability to create 'Freestyle project' in folder using the option 'Create a job'"
"unknown","Sat Jul 22 17:15:41 GMT 2023","Sat Jul 22 17:15:41 GMT 2023","0","Surefire suite","Surefire test","tests.ViewsTest","tests.ViewsTest","testUnsavedChangesJavascriptAlert","testUnsavedChangesJavascriptAlert",""
"passed","Sat Jul 22 17:28:17 GMT 2023","Sat Jul 22 17:28:17 GMT 2023","391","Surefire suite","Surefire test","tests.NewItemTest","tests.NewItemTest","testCreateNewItemWithSpecialCharacterName","testCreateNewItemWithSpecialCharacterName","Verify that creating NewItem with special characters is not possible"
"passed","Sat Jul 22 17:16:40 GMT 2023","Sat Jul 22 17:16:44 GMT 2023","4315","Surefire suite","Surefire test","tests.PipelineTest","tests.PipelineTest","testAddDescriptionInExistPipeline","testAddDescriptionInExistPipeline","Verify the description for Pipeline project on the Pipeline page is displayed if add description to existing project"
"unknown","Sat Jul 22 17:15:41 GMT 2023","Sat Jul 22 17:15:41 GMT 2023","0","Surefire suite","Surefire test","tests.ViewsTest","tests.ViewsTest","testRenameView","testRenameView","Verify that created List Views was renamed"
"passed","Sat Jul 22 17:23:47 GMT 2023","Sat Jul 22 17:23:49 GMT 2023","1846","Surefire suite","Surefire test","tests.MultibranchPipelineTest","tests.MultibranchPipelineTest","testDeleteMultibranchPipelineUsingDropDown","testDeleteMultibranchPipelineUsingDropDown","Check if MultibranchPipeline can be deleted"
"passed","Sat Jul 22 17:28:35 GMT 2023","Sat Jul 22 17:28:37 GMT 2023","2153","Surefire suite","Surefire test","tests.NewItemTest","tests.NewItemTest","testCreateNewPipelineFromExisting","testCreateNewPipelineFromExisting","Check if pipeline project can be created as a copy of existing pipeline project"
"passed","Sat Jul 22 17:17:52 GMT 2023","Sat Jul 22 17:17:55 GMT 2023","2866","Surefire suite","Surefire test","tests.PipelineTest","tests.PipelineTest","testRenamePipelineUsingSpecialCharacter","testRenamePipelineUsingSpecialCharacter","Verify 'Error' page is displayed and '‘<spChar>’ is an unsafe character' error message is displayed if rename pipeline using special character"
"passed","Sat Jul 22 17:23:53 GMT 2023","Sat Jul 22 17:23:55 GMT 2023","1796","Surefire suite","Surefire test","tests.MultibranchPipelineTest","tests.MultibranchPipelineTest","testEnableMultiBranchPipeline","testEnableMultiBranchPipeline","Verify that the 'Multibranch Pipeline' can be enable"
"passed","Sat Jul 22 17:29:16 GMT 2023","Sat Jul 22 17:29:16 GMT 2023","1","Surefire suite","Surefire test","runner.order.OrderForTestsTest","runner.order.OrderForTestsTest","orderMethodsTwoDifferentGroupsDepTest","orderMethodsTwoDifferentGroupsDepTest",""
"passed","Sat Jul 22 17:16:54 GMT 2023","Sat Jul 22 17:17:00 GMT 2023","6071","Surefire suite","Surefire test","tests.PipelineTest","tests.PipelineTest","testBuildNewPipelineSuccess","testBuildNewPipelineSuccess","Verify pipeline status is 'Success' if build with sample 'Hello World'"
"passed","Sat Jul 22 17:23:21 GMT 2023","Sat Jul 22 17:23:24 GMT 2023","2705","Surefire suite","Surefire test","tests.ManageJenkinsTest","tests.ManageJenkinsTest","testRenameFullUserName","testRenameFullUserName","Rename 'Full Name' for User with valid characters and verity that New Full Name is displayed on StatusUserPage and on Header and on Breadcrumbs"
"unknown","Sat Jul 22 17:15:41 GMT 2023","Sat Jul 22 17:15:41 GMT 2023","0","Surefire suite","Surefire test","tests.ViewsTest","tests.ViewsTest","testEditGlobalViewPageViewNameLabelContainsDescription","testEditGlobalViewPageViewNameLabelContainsDescription","Verify if the 'View name' section text of the 'Global View' view is equals to the expected text"
"passed","Sat Jul 22 17:27:09 GMT 2023","Sat Jul 22 17:27:23 GMT 2023","14619","Surefire suite","Surefire test","tests.MultiConfigurationProjectTest","tests.MultiConfigurationProjectTest","testSetContentInThreeBuildStepsBuildStatusOnGitHubCommitSaved","testSetContentInThreeBuildStepsBuildStatusOnGitHubCommitSaved","Verify that can  set content in three build steps and successfully saved"
"passed","Sat Jul 22 17:23:34 GMT 2023","Sat Jul 22 17:23:37 GMT 2023","3014","Surefire suite","Surefire test","tests.MultibranchPipelineTest","tests.MultibranchPipelineTest","testAddDescription","testAddDescription","The 'Description' can be added to the Multibranch Pipeline after clicking the 'Configure the project' link"
"unknown","Sat Jul 22 17:15:41 GMT 2023","Sat Jul 22 17:15:41 GMT 2023","0","Surefire suite","Surefire test","tests.FreestyleProjectTest","tests.FreestyleProjectTest","testSelectBuildPeriodicallyCheckbox","testSelectBuildPeriodicallyCheckbox","Verify if 'Build Periodically' checkbox in the 'Build Triggers' section is checked"
"passed","Sat Jul 22 17:21:14 GMT 2023","Sat Jul 22 17:21:16 GMT 2023","2185","Surefire suite","Surefire test","tests.ManageJenkinsTest","tests.ManageJenkinsTest","testCreateUserWithEmptyConfirmPassword","testCreateUserWithEmptyConfirmPassword","Try to create user with empty 'Confirm password' field and verify that error message 'Password didn't match' appeared"
"passed","Sat Jul 22 17:17:27 GMT 2023","Sat Jul 22 17:17:28 GMT 2023","689","Surefire suite","Surefire test","tests.PipelineTest","tests.PipelineTest","testEnablePipelineProject","testEnablePipelineProject","Check if pipeline project can be enabled after disabling"
"passed","Sat Jul 22 17:27:31 GMT 2023","Sat Jul 22 17:27:31 GMT 2023","607","Surefire suite","Surefire test","tests.NewItemTest","tests.NewItemTest","testCreateFreestyleProjectWithSpacesInsteadOfName","testCreateFreestyleProjectWithSpacesInsteadOfName","Check if a new freestyle project with only spaces in name can be created"
"passed","Sat Jul 22 17:28:39 GMT 2023","Sat Jul 22 17:28:49 GMT 2023","9985","Surefire suite","Surefire test","tests.NewItemTest","tests.NewItemTest","testCreateOneItemFromListOfJobTypes","testCreateOneItemFromListOfJobTypes","Verify that all six different job types can be created"
"passed","Sat Jul 22 17:16:14 GMT 2023","Sat Jul 22 17:16:18 GMT 2023","3120","Surefire suite","Surefire test","tests.PeoplePageTest","tests.PeoplePageTest","testCreateUserGoingFromPeoplePage","testCreateUserGoingFromPeoplePage","Verify that new user was created going from 'People' page"
"unknown","Sat Jul 22 17:15:41 GMT 2023","Sat Jul 22 17:15:41 GMT 2023","0","Surefire suite","Surefire test","tests.ViewsTest","tests.ViewsTest","testCreateViewWithExistingName","testCreateViewWithExistingName","Verify that created View contains existing name"
"passed","Sat Jul 22 17:24:51 GMT 2023","Sat Jul 22 17:24:54 GMT 2023","3002","Surefire suite","Surefire test","tests.FolderTest","tests.FolderTest","testCreateFreestyleProjectInFolderNewItem","testCreateFreestyleProjectInFolderNewItem","Verify the ability to create a 'Freestyle project' in the folder using the option 'New Item'"
"passed","Sat Jul 22 17:20:22 GMT 2023","Sat Jul 22 17:20:22 GMT 2023","711","Surefire suite","Surefire test","tests.HeaderComponentTest","tests.HeaderComponentTest","testUserDropdownMenuToOpenCredentialsUserPage","testUserDropdownMenuToOpenCredentialsUserPage","Verify if 'Credentials' link in the User dropdown menu leads to the expected page named as 'Credentials'"
"passed","Sat Jul 22 17:27:47 GMT 2023","Sat Jul 22 17:27:49 GMT 2023","1981","Surefire suite","Surefire test","tests.NewItemTest","tests.NewItemTest","testCreateMultibranchPipelineWithExistingName","testCreateMultibranchPipelineWithExistingName","Check if multibranch pipeline can be created with name, that is a name of already existing project"
"unknown","Sat Jul 22 17:15:41 GMT 2023","Sat Jul 22 17:15:41 GMT 2023","0","Surefire suite","Surefire test","tests.ViewsTest","tests.ViewsTest","testCreateNewListViewWithExistingJob","testCreateNewListViewWithExistingJob",""
"passed","Sat Jul 22 17:24:25 GMT 2023","Sat Jul 22 17:24:25 GMT 2023","186","Surefire suite","Surefire test","tests.FolderTest","tests.FolderTest","testConfigureFolderDisplayNameSaveFolderName","testConfigureFolderDisplayNameSaveFolderName","Verify that the previously changed folder name is saved"
"passed","Sat Jul 22 17:17:37 GMT 2023","Sat Jul 22 17:17:38 GMT 2023","1656","Surefire suite","Surefire test","tests.PipelineTest","tests.PipelineTest","testPipelinePreviewDescription","testPipelinePreviewDescription","Verify the preview of description is displayed if fill out a description in the field of pipeline"
"passed","Sat Jul 22 17:18:21 GMT 2023","Sat Jul 22 17:18:24 GMT 2023","2674","Surefire suite","Surefire test","tests.PipelineTest","tests.PipelineTest","testRenamePipelineUsingSpecialCharacter","testRenamePipelineUsingSpecialCharacter","Verify 'Error' page is displayed and '‘<spChar>’ is an unsafe character' error message is displayed if rename pipeline using special character"
"unknown","Sat Jul 22 17:15:41 GMT 2023","Sat Jul 22 17:15:41 GMT 2023","0","Surefire suite","Surefire test","tests.FreestyleProjectTest","tests.FreestyleProjectTest","testEditDescription","testEditDescription","Verify if expected description of the project has been updated"
"passed","Sat Jul 22 17:29:16 GMT 2023","Sat Jul 22 17:29:16 GMT 2023","1","Surefire suite","Surefire test","runner.order.OrderForTestsTest","runner.order.OrderForTestsTest","orderMethodsForkDownDepTest","orderMethodsForkDownDepTest",""
"unknown","Sat Jul 22 17:15:41 GMT 2023","Sat Jul 22 17:15:41 GMT 2023","0","Surefire suite","Surefire test","tests.FreestyleProjectTest","tests.FreestyleProjectTest","testBuildStepsOptions","testBuildStepsOptions","Verify if all expected options are displayed in the 'Add build steps' dropdown of the 'Build Steps' section"
"unknown","Sat Jul 22 17:15:41 GMT 2023","Sat Jul 22 17:15:41 GMT 2023","0","Surefire suite","Surefire test","tests.FreestyleProjectTest","tests.FreestyleProjectTest","testCreateBuildNowOnFreestyleProjectPage","testCreateBuildNowOnFreestyleProjectPage","Verify if the build displayed in the 'Build History' section on the side menu by comparing number of builds before and after current build"
"passed","Sat Jul 22 17:24:40 GMT 2023","Sat Jul 22 17:24:45 GMT 2023","4451","Surefire suite","Surefire test","tests.FolderTest","tests.FolderTest","testCreateFreestyleProjectInFolderByNewItemDropDownInCrambMenu","testCreateFreestyleProjectInFolderByNewItemDropDownInCrambMenu","Confirm that the created folder includes the newly created Freestyle Project"
"passed","Sat Jul 22 17:17:20 GMT 2023","Sat Jul 22 17:17:23 GMT 2023","3474","Surefire suite","Surefire test","tests.PipelineTest","tests.PipelineTest","testDeletePipelineFromDashboard","testDeletePipelineFromDashboard","Verify deleted Pipeline name doesn’t exist on a dashboard page if delete Pipeline with a menu button"
"passed","Sat Jul 22 17:16:04 GMT 2023","Sat Jul 22 17:16:07 GMT 2023","2528","Surefire suite","Surefire test","tests.PeoplePageTest","tests.PeoplePageTest","testPeopleDeleteUser","testPeopleDeleteUser","Verify that user was deleted"
"passed","Sat Jul 22 17:20:23 GMT 2023","Sat Jul 22 17:20:24 GMT 2023","725","Surefire suite","Surefire test","tests.HeaderComponentTest","tests.HeaderComponentTest","testUserDropdownMenuToOpenMyViewsUserPage","testUserDropdownMenuToOpenMyViewsUserPage","Verify if click on 'My views' link in the User dropdown menu leads to the views page that confirmed by 'My views' breadcrumb"
"passed","Sat Jul 22 17:22:56 GMT 2023","Sat Jul 22 17:22:57 GMT 2023","1273","Surefire suite","Surefire test","tests.ManageJenkinsTest","tests.ManageJenkinsTest","testManageOldData","testManageOldData","Verify that there is no entries of old data are found on the 'Manage Old Data' page"
"passed","Sat Jul 22 17:27:32 GMT 2023","Sat Jul 22 17:27:34 GMT 2023","1774","Surefire suite","Surefire test","tests.NewItemTest","tests.NewItemTest","testCreateMultiConfigurationProjectWithDescription","testCreateMultiConfigurationProjectWithDescription","Check if multi-configuration project can be created with description"
"passed","Sat Jul 22 17:27:34 GMT 2023","Sat Jul 22 17:27:37 GMT 2023","2191","Surefire suite","Surefire test","tests.NewItemTest","tests.NewItemTest","testCreateNewMCProjectAsCopyFromExistingProject","testCreateNewMCProjectAsCopyFromExistingProject","Check if multi-configuration project can be created as a copy of existing project with description"
"passed","Sat Jul 22 17:24:12 GMT 2023","Sat Jul 22 17:24:15 GMT 2023","2689","Surefire suite","Surefire test","tests.MultibranchPipelineTest","tests.MultibranchPipelineTest","testRenameMultiBranchPipelineFromLeftSideMenu","testRenameMultiBranchPipelineFromLeftSideMenu","Verify that 'Multibranch Pipeline' can be renamed from Side menu"
"passed","Sat Jul 22 17:19:41 GMT 2023","Sat Jul 22 17:19:45 GMT 2023","3404","Surefire suite","Surefire test","tests.OrganizationFolderTest","tests.OrganizationFolderTest","testConfigureOrganizationFolderWithName","testConfigureOrganizationFolderWithName","The 'Display name' can be added to the Organization Folder"
"unknown","Sat Jul 22 17:15:41 GMT 2023","Sat Jul 22 17:15:41 GMT 2023","0","Surefire suite","Surefire test","tests.FreestyleProjectTest","tests.FreestyleProjectTest","testDownstreamProjectNameLeadsToCorrectUpstreamProjectStatusPage","testDownstreamProjectNameLeadsToCorrectUpstreamProjectStatusPage","Check if the Downstream project name link on the Status page leads to the correct Upstream project Status Page"
"unknown","Sat Jul 22 17:15:41 GMT 2023","Sat Jul 22 17:15:41 GMT 2023","0","Surefire suite","Surefire test","tests.ViewsTest","tests.ViewsTest","testListViewAddFilterBuildQueue","testListViewAddFilterBuildQueue",""
"passed","Sat Jul 22 17:28:32 GMT 2023","Sat Jul 22 17:28:32 GMT 2023","405","Surefire suite","Surefire test","tests.NewItemTest","tests.NewItemTest","testCreateNewItemWithSpecialCharacterName","testCreateNewItemWithSpecialCharacterName","Verify that creating NewItem with special characters is not possible"
"unknown","Sat Jul 22 17:15:41 GMT 2023","Sat Jul 22 17:15:41 GMT 2023","0","Surefire suite","Surefire test","tests.ViewsTest","tests.ViewsTest","testMyViewAddFilterBuildQueue","testMyViewAddFilterBuildQueue",""
"passed","Sat Jul 22 17:26:51 GMT 2023","Sat Jul 22 17:26:58 GMT 2023","7055","Surefire suite","Surefire test","tests.MultiConfigurationProjectTest","tests.MultiConfigurationProjectTest","testNewestBuildsButton","testNewestBuildsButton","Verify that set build can steps and successfully build the project"
"passed","Sat Jul 22 17:28:10 GMT 2023","Sat Jul 22 17:28:11 GMT 2023","679","Surefire suite","Surefire test","tests.NewItemTest","tests.NewItemTest","testCreateNewItemWithSpecialCharacterName","testCreateNewItemWithSpecialCharacterName","Verify that creating NewItem with special characters is not possible"
"passed","Sat Jul 22 17:18:13 GMT 2023","Sat Jul 22 17:18:16 GMT 2023","3094","Surefire suite","Surefire test","tests.PipelineTest","tests.PipelineTest","testRenamePipelineUsingSpecialCharacter","testRenamePipelineUsingSpecialCharacter","Verify 'Error' page is displayed and '‘<spChar>’ is an unsafe character' error message is displayed if rename pipeline using special character"
"unknown","Sat Jul 22 17:15:41 GMT 2023","Sat Jul 22 17:15:41 GMT 2023","0","Surefire suite","Surefire test","tests.ViewsTest","tests.ViewsTest","testDeleteListView","testDeleteListView",""
"passed","Sat Jul 22 17:19:50 GMT 2023","Sat Jul 22 17:19:56 GMT 2023","5921","Surefire suite","Surefire test","tests.OrganizationFolderTest","tests.OrganizationFolderTest","testMoveOrgFolderToFolder","testMoveOrgFolderToFolder","The Organization folder can be moved to folder"
"passed","Sat Jul 22 17:27:38 GMT 2023","Sat Jul 22 17:27:39 GMT 2023","1644","Surefire suite","Surefire test","tests.NewItemTest","tests.NewItemTest","testCreateMultiConfigurationProjectWithValidName","testCreateMultiConfigurationProjectWithValidName","Check if multi-configuration project can be created with valid name"
"passed","Sat Jul 22 17:20:09 GMT 2023","Sat Jul 22 17:20:09 GMT 2023","32","Surefire suite","Surefire test","tests.HeaderComponentTest","tests.HeaderComponentTest","testIsJenkinsNameIconExist","testIsJenkinsNameIconExist","Verify if Jenkins Icon is displayed in the Header"
"passed","Sat Jul 22 17:21:02 GMT 2023","Sat Jul 22 17:21:05 GMT 2023","2789","Surefire suite","Surefire test","tests.ManageJenkinsTest","tests.ManageJenkinsTest","testCreateNewNodeWithValidNameByOptionSetUpAnAgent","testCreateNewNodeWithValidNameByOptionSetUpAnAgent","Create New Node with valid name by option 'Set up an agent' on Dashboard"
"passed","Sat Jul 22 17:17:47 GMT 2023","Sat Jul 22 17:17:51 GMT 2023","3266","Surefire suite","Surefire test","tests.PipelineTest","tests.PipelineTest","testRenamePipelineUsingSpecialCharacter","testRenamePipelineUsingSpecialCharacter","Verify 'Error' page is displayed and '‘<spChar>’ is an unsafe character' error message is displayed if rename pipeline using special character"
"passed","Sat Jul 22 17:25:18 GMT 2023","Sat Jul 22 17:25:22 GMT 2023","3937","Surefire suite","Surefire test","tests.FolderTest","tests.FolderTest","testMoveFolderInFolder","testMoveFolderInFolder","Verify that the folder can be moved into another folder"
"passed","Sat Jul 22 17:27:40 GMT 2023","Sat Jul 22 17:27:42 GMT 2023","1583","Surefire suite","Surefire test","tests.NewItemTest","tests.NewItemTest","testCreateMultibranchPipeline","testCreateMultibranchPipeline","Check if a new multibranch pipeline can be created"
"passed","Sat Jul 22 17:24:00 GMT 2023","Sat Jul 22 17:24:02 GMT 2023","1618","Surefire suite","Surefire test","tests.MultibranchPipelineTest","tests.MultibranchPipelineTest","testMoveMenuOptionIsNotAvailable","testMoveMenuOptionIsNotAvailable","Verify that the 'Move' button isn't available in the side menu for Multibranch Pipeline if the folder isn't present"
"passed","Sat Jul 22 17:21:52 GMT 2023","Sat Jul 22 17:21:54 GMT 2023","2225","Surefire suite","Surefire test","tests.ManageJenkinsTest","tests.ManageJenkinsTest","testCreateUserWithIncorrectCharactersInName","testCreateUserWithIncorrectCharactersInName","Try to create user with invalid characters in name and verify that error message 'User name must only contain alphanumeric characters, underscore and dash' appeared"
"unknown","Sat Jul 22 17:15:41 GMT 2023","Sat Jul 22 17:15:41 GMT 2023","0","Surefire suite","Surefire test","tests.ViewsTest","tests.ViewsTest","testAddAllItemsToListView","testAddAllItemsToListView",""
"passed","Sat Jul 22 17:18:17 GMT 2023","Sat Jul 22 17:18:20 GMT 2023","2738","Surefire suite","Surefire test","tests.PipelineTest","tests.PipelineTest","testRenamePipelineUsingSpecialCharacter","testRenamePipelineUsingSpecialCharacter","Verify 'Error' page is displayed and '‘<spChar>’ is an unsafe character' error message is displayed if rename pipeline using special character"
"unknown","Sat Jul 22 17:15:41 GMT 2023","Sat Jul 22 17:15:41 GMT 2023","0","Surefire suite","Surefire test","tests.FreestyleProjectTest","tests.FreestyleProjectTest","testFreestyleConfigSideMenu","testFreestyleConfigSideMenu","Verify if all expected lines of the side menu are displayed "
"passed","Sat Jul 22 17:18:00 GMT 2023","Sat Jul 22 17:18:03 GMT 2023","3218","Surefire suite","Surefire test","tests.PipelineTest","tests.PipelineTest","testRenamePipelineUsingSpecialCharacter","testRenamePipelineUsingSpecialCharacter","Verify 'Error' page is displayed and '‘<spChar>’ is an unsafe character' error message is displayed if rename pipeline using special character"
"passed","Sat Jul 22 17:25:47 GMT 2023","Sat Jul 22 17:25:50 GMT 2023","2622","Surefire suite","Surefire test","tests.MultiConfigurationProjectTest","tests.MultiConfigurationProjectTest","testMultiConfigurationProjectAddDescription","testMultiConfigurationProjectAddDescription","Verify that the multi-configuration project can be description can be added"
"passed","Sat Jul 22 17:25:40 GMT 2023","Sat Jul 22 17:25:42 GMT 2023","2272","Surefire suite","Surefire test","tests.FolderTest","tests.FolderTest","testRenameFolderFromSideMenu","testRenameFolderFromSideMenu","Verify that the name of the folder can be changed through side menu"
"passed","Sat Jul 22 17:28:24 GMT 2023","Sat Jul 22 17:28:24 GMT 2023","400","Surefire suite","Surefire test","tests.NewItemTest","tests.NewItemTest","testCreateNewItemWithSpecialCharacterName","testCreateNewItemWithSpecialCharacterName","Verify that creating NewItem with special characters is not possible"
"passed","Sat Jul 22 17:18:05 GMT 2023","Sat Jul 22 17:18:08 GMT 2023","3115","Surefire suite","Surefire test","tests.PipelineTest","tests.PipelineTest","testRenamePipelineUsingSpecialCharacter","testRenamePipelineUsingSpecialCharacter","Verify 'Error' page is displayed and '‘<spChar>’ is an unsafe character' error message is displayed if rename pipeline using special character"
"passed","Sat Jul 22 17:22:41 GMT 2023","Sat Jul 22 17:22:45 GMT 2023","3705","Surefire suite","Surefire test","tests.ManageJenkinsTest","tests.ManageJenkinsTest","testDeleteUserGoingFromConfigureUserPage","testDeleteUserGoingFromConfigureUserPage","Delete user by 'Delete' on the side menu on the 'Configure user' page and verify that deleted user is not displayed on the 'People' page"
"passed","Sat Jul 22 17:26:09 GMT 2023","Sat Jul 22 17:26:13 GMT 2023","3250","Surefire suite","Surefire test","tests.MultiConfigurationProjectTest","tests.MultiConfigurationProjectTest","testMultiConfigurationProjectDisable","testMultiConfigurationProjectDisable","Verify that the 'MultiConfigurationProject' can be disabled to project configuration page"
"passed","Sat Jul 22 17:21:09 GMT 2023","Sat Jul 22 17:21:10 GMT 2023","612","Surefire suite","Surefire test","tests.ManageJenkinsTest","tests.ManageJenkinsTest","testDeleteNodeByDropDownOnDashboard","testDeleteNodeByDropDownOnDashboard","Delete Node By DropDown On Dashboard"
"passed","Sat Jul 22 17:20:27 GMT 2023","Sat Jul 22 17:20:29 GMT 2023","2702","Surefire suite","Surefire test","tests.BuildHistoryTest","tests.BuildHistoryTest","testH1HeaderBuildHistory","testH1HeaderBuildHistory","Verify the header of the 'Build  History' page"
"passed","Sat Jul 22 17:27:26 GMT 2023","Sat Jul 22 17:27:27 GMT 2023","1357","Surefire suite","Surefire test","tests.NewItemTest","tests.NewItemTest","testCreateFolder","testCreateFolder","Check if a new folder can be created"
"unknown","Sat Jul 22 17:15:41 GMT 2023","Sat Jul 22 17:15:41 GMT 2023","0","Surefire suite","Surefire test","tests.ViewsTest","tests.ViewsTest","testGlobalViewAddBothFilters","testGlobalViewAddBothFilters",""
"passed","Sat Jul 22 17:16:51 GMT 2023","Sat Jul 22 17:16:54 GMT 2023","2482","Surefire suite","Surefire test","tests.PipelineTest","tests.PipelineTest","testBuildNewPipeline","testBuildNewPipeline","Verify last Success text is 'N/A' if build with sample 'Hello World'"
"passed","Sat Jul 22 17:26:22 GMT 2023","Sat Jul 22 17:26:22 GMT 2023","478","Surefire suite","Surefire test","tests.MultiConfigurationProjectTest","tests.MultiConfigurationProjectTest","testMultiConfigurationProjectEnableCheckIconProjectName","testMultiConfigurationProjectEnableCheckIconProjectName","Verify that when you turn on the project, the project icon changes its status to 'enable' on the project configuration page"
"passed","Sat Jul 22 17:29:10 GMT 2023","Sat Jul 22 17:29:12 GMT 2023","1640","Surefire suite","Surefire test","tests.NewItemTest","tests.NewItemTest","testCreatedPipelineDisplayedOnMyViews","testCreatedPipelineDisplayedOnMyViews","Check if pipeline job is displayed on MyViewsPage"
"unknown","Sat Jul 22 17:15:41 GMT 2023","Sat Jul 22 17:15:41 GMT 2023","0","Surefire suite","Surefire test","tests.FreestyleProjectTest","tests.FreestyleProjectTest","testEnableProject","testEnableProject","Verify if the Project status icon displayed an expected status when 'Disable Project' option has been applied"
"passed","Sat Jul 22 17:22:15 GMT 2023","Sat Jul 22 17:22:17 GMT 2023","1940","Surefire suite","Surefire test","tests.ManageJenkinsTest","tests.ManageJenkinsTest","testCreateUserWithIncorrectCharactersInName","testCreateUserWithIncorrectCharactersInName","Try to create user with invalid characters in name and verify that error message 'User name must only contain alphanumeric characters, underscore and dash' appeared"
"passed","Sat Jul 22 17:29:16 GMT 2023","Sat Jul 22 17:29:16 GMT 2023","1","Surefire suite","Surefire test","runner.order.OrderForTestsTest","runner.order.OrderForTestsTest","orderMethodsOneGroupDepTest","orderMethodsOneGroupDepTest",""
"passed","Sat Jul 22 17:27:45 GMT 2023","Sat Jul 22 17:27:46 GMT 2023","1028","Surefire suite","Surefire test","tests.NewItemTest","tests.NewItemTest","testCreateMultibranchPipelineInvalidName","testCreateMultibranchPipelineInvalidName","Check if multibranch pipeline can be created with unsafe characters in name"
"passed","Sat Jul 22 17:29:07 GMT 2023","Sat Jul 22 17:29:09 GMT 2023","2107","Surefire suite","Surefire test","tests.NewItemTest","tests.NewItemTest","testCreatePipelineExistingNameError","testCreatePipelineExistingNameError","Check if pipeline job can be created with name, that is a name of already existing project"
"passed","Sat Jul 22 17:24:32 GMT 2023","Sat Jul 22 17:24:35 GMT 2023","3027","Surefire suite","Surefire test","tests.FolderTest","tests.FolderTest","testCreateFolderInFolderFromNewItem","testCreateFolderInFolderFromNewItem","Verify the ability to create a new folder in existing folder using the 'New Item' option"
"passed","Sat Jul 22 17:17:43 GMT 2023","Sat Jul 22 17:17:46 GMT 2023","3098","Surefire suite","Surefire test","tests.PipelineTest","tests.PipelineTest","testRenamePipelineUsingSpecialCharacter","testRenamePipelineUsingSpecialCharacter","Verify 'Error' page is displayed and '‘<spChar>’ is an unsafe character' error message is displayed if rename pipeline using special character"
"passed","Sat Jul 22 17:16:10 GMT 2023","Sat Jul 22 17:16:13 GMT 2023","3274","Surefire suite","Surefire test","tests.PeoplePageTest","tests.PeoplePageTest","testCreateUser","testCreateUser","Verify that new user was created"
"unknown","Sat Jul 22 17:15:41 GMT 2023","Sat Jul 22 17:15:41 GMT 2023","0","Surefire suite","Surefire test","tests.ViewsTest","tests.ViewsTest","testListViewAddNewColumn","testListViewAddNewColumn",""
"passed","Sat Jul 22 17:27:52 GMT 2023","Sat Jul 22 17:27:55 GMT 2023","2349","Surefire suite","Surefire test","tests.NewItemTest","tests.NewItemTest","testCreateNewFreestyleProjectWithDuplicateName","testCreateNewFreestyleProjectWithDuplicateName","Check if a new freestyle project can be created using the name of already existing project"
"passed","Sat Jul 22 17:20:55 GMT 2023","Sat Jul 22 17:20:57 GMT 2023","1528","Surefire suite","Surefire test","tests.ManageJenkinsTest","tests.ManageJenkinsTest","testCheckIconSize","testCheckIconSize","The 'Jenkins Credentials Provider' icon is reduced in size when the 'S' button is pressed"
"passed","Sat Jul 22 17:15:58 GMT 2023","Sat Jul 22 17:15:58 GMT 2023","690","Surefire suite","Surefire test","tests.CopyItemTest","tests.CopyItemTest","testFieldCopyFromDoNotDisplayIfDoNotHaveAnyItems","testFieldCopyFromDoNotDisplayIfDoNotHaveAnyItems","Verify 'Copy from' field is not displayed when there are no items exist"
"passed","Sat Jul 22 17:27:59 GMT 2023","Sat Jul 22 17:28:01 GMT 2023","1891","Surefire suite","Surefire test","tests.NewItemTest","tests.NewItemTest","testCreateNewItemFromOtherNonExistingName","testCreateNewItemFromOtherNonExistingName","Check if pipeline can be created from another project using not existing name"
"passed","Sat Jul 22 17:19:36 GMT 2023","Sat Jul 22 17:19:40 GMT 2023","4065","Surefire suite","Surefire test","tests.OrganizationFolderTest","tests.OrganizationFolderTest","testConfigureOrganizationFolderWithDescription","testConfigureOrganizationFolderWithDescription","The 'Description' can be added to the Organization Folder"
"unknown","Sat Jul 22 17:15:41 GMT 2023","Sat Jul 22 17:15:41 GMT 2023","0","Surefire suite","Surefire test","tests.ViewsTest","tests.ViewsTest","testListViewChangeColumnOrder","testListViewChangeColumnOrder",""
"passed","Sat Jul 22 17:22:12 GMT 2023","Sat Jul 22 17:22:14 GMT 2023","1957","Surefire suite","Surefire test","tests.ManageJenkinsTest","tests.ManageJenkinsTest","testCreateUserWithIncorrectCharactersInName","testCreateUserWithIncorrectCharactersInName","Try to create user with invalid characters in name and verify that error message 'User name must only contain alphanumeric characters, underscore and dash' appeared"
"passed","Sat Jul 22 17:22:36 GMT 2023","Sat Jul 22 17:22:40 GMT 2023","3738","Surefire suite","Surefire test","tests.ManageJenkinsTest","tests.ManageJenkinsTest","testDeleteUserGoingFromBuildsUserPage","testDeleteUserGoingFromBuildsUserPage","Delete user by 'Delete' on the side menu on the 'Builds user' page and verify that deleted user is not displayed on the 'People' page"
"passed","Sat Jul 22 17:29:16 GMT 2023","Sat Jul 22 17:29:16 GMT 2023","0","Surefire suite","Surefire test","runner.order.OrderForTestsTest","runner.order.OrderForTestsTest","orderMethodsForkUpDepTest","orderMethodsForkUpDepTest",""
"passed","Sat Jul 22 17:23:38 GMT 2023","Sat Jul 22 17:23:41 GMT 2023","2923","Surefire suite","Surefire test","tests.MultibranchPipelineTest","tests.MultibranchPipelineTest","testAddDisplayName","testAddDisplayName","The 'Display name' can be added to the Multibranch Pipeline"
"unknown","Sat Jul 22 17:15:41 GMT 2023","Sat Jul 22 17:15:41 GMT 2023","0","Surefire suite","Surefire test","tests.FreestyleProjectTest","tests.FreestyleProjectTest","testFreestyleProjectPageIsOpenedFromDashboard","testFreestyleProjectPageIsOpenedFromDashboard","Verify if expected Project is opened from Dashboard, appropriate Status page contains an expected text"
"passed","Sat Jul 22 17:22:51 GMT 2023","Sat Jul 22 17:22:54 GMT 2023","3506","Surefire suite","Surefire test","tests.ManageJenkinsTest","tests.ManageJenkinsTest","testIsEmailPluginInstalledAndEnabled","testIsEmailPluginInstalledAndEnabled","Verify that Email Extension Plugin is installed and enabled"
"passed","Sat Jul 22 17:18:41 GMT 2023","Sat Jul 22 17:18:44 GMT 2023","2967","Surefire suite","Surefire test","tests.PipelineTest","tests.PipelineTest","testRenamePipelineUsingSpecialCharacter","testRenamePipelineUsingSpecialCharacter","Verify 'Error' page is displayed and '‘<spChar>’ is an unsafe character' error message is displayed if rename pipeline using special character"
"passed","Sat Jul 22 17:19:06 GMT 2023","Sat Jul 22 17:19:11 GMT 2023","4872","Surefire suite","Surefire test","tests.PipelineTest","tests.PipelineTest","testRenamedPipelineIsDisplayedInMyViews","testRenamedPipelineIsDisplayedInMyViews","Verify if renamed pipeline is displayed in 'My Views'"
"passed","Sat Jul 22 17:28:18 GMT 2023","Sat Jul 22 17:28:19 GMT 2023","688","Surefire suite","Surefire test","tests.NewItemTest","tests.NewItemTest","testCreateNewItemWithSpecialCharacterName","testCreateNewItemWithSpecialCharacterName","Verify that creating NewItem with special characters is not possible"
"passed","Sat Jul 22 17:19:56 GMT 2023","Sat Jul 22 17:19:57 GMT 2023","1104","Surefire suite","Surefire test","tests.OrganizationFolderTest","tests.OrganizationFolderTest","testMoveOrgFolderToDashboard","testMoveOrgFolderToDashboard","The Organization folder can be moved from folder to dashboard"
"passed","Sat Jul 22 17:21:59 GMT 2023","Sat Jul 22 17:22:01 GMT 2023","2254","Surefire suite","Surefire test","tests.ManageJenkinsTest","tests.ManageJenkinsTest","testCreateUserWithIncorrectCharactersInName","testCreateUserWithIncorrectCharactersInName","Try to create user with invalid characters in name and verify that error message 'User name must only contain alphanumeric characters, underscore and dash' appeared"
"passed","Sat Jul 22 17:20:25 GMT 2023","Sat Jul 22 17:20:26 GMT 2023","510","Surefire suite","Surefire test","tests.HeaderComponentTest","tests.HeaderComponentTest","testUserNameInHeaderAndInUserPage","testUserNameInHeaderAndInUserPage","Verify that User name in the header and on the User page are the same and the User page has User ID"
"unknown","Sat Jul 22 17:15:41 GMT 2023","Sat Jul 22 17:15:41 GMT 2023","0","Surefire suite","Surefire test","tests.ViewsTest","tests.ViewsTest","testRemoveSomeHeadersFromProjectStatusTableInListView","testRemoveSomeHeadersFromProjectStatusTableInListView",""
"passed","Sat Jul 22 17:24:54 GMT 2023","Sat Jul 22 17:24:56 GMT 2023","2459","Surefire suite","Surefire test","tests.FolderTest","tests.FolderTest","testDeleteFreestyleProjectInFolder","testDeleteFreestyleProjectInFolder","Verify the ability to delete 'Freestyle Project' from the folder"
"passed","Sat Jul 22 17:19:02 GMT 2023","Sat Jul 22 17:19:05 GMT 2023","2841","Surefire suite","Surefire test","tests.PipelineTest","tests.PipelineTest","testRenamePipelineWithoutChangingName","testRenamePipelineWithoutChangingName","Verify 'Error' page is displayed and 'The new name is the same as the current name.' error message is displayed if Rename pipeline without changing name"
"passed","Sat Jul 22 17:20:19 GMT 2023","Sat Jul 22 17:20:21 GMT 2023","1149","Surefire suite","Surefire test","tests.HeaderComponentTest","tests.HeaderComponentTest","testUserDropdownMenuToOpenConfigureUserPage","testUserDropdownMenuToOpenConfigureUserPage","Verify if 'Configure' link in the User dropdown menu leads to the expected page that contains 'Add new Token' section"
"passed","Sat Jul 22 17:27:28 GMT 2023","Sat Jul 22 17:27:29 GMT 2023","1129","Surefire suite","Surefire test","tests.NewItemTest","tests.NewItemTest","testCreateFreestyleProjectWithEmptyName","testCreateFreestyleProjectWithEmptyName","Check if a new freestyle project with empty name can be created"
"unknown","Sat Jul 22 17:15:41 GMT 2023","Sat Jul 22 17:15:41 GMT 2023","0","Surefire suite","Surefire test","tests.ViewsTest","tests.ViewsTest","testDeleteStatusColumn","testDeleteStatusColumn",""
"passed","Sat Jul 22 17:21:17 GMT 2023","Sat Jul 22 17:21:20 GMT 2023","2120","Surefire suite","Surefire test","tests.ManageJenkinsTest","tests.ManageJenkinsTest","testCreateUserWithEmptyEmailAddress","testCreateUserWithEmptyEmailAddress","Try to create user with empty E-mail address and verify that error message 'Invalid e-mail address' appeared"
"unknown","Sat Jul 22 17:15:41 GMT 2023","Sat Jul 22 17:15:41 GMT 2023","0","Surefire suite","Surefire test","tests.FreestyleProjectTest","tests.FreestyleProjectTest","testBuildProjectWithPostBuildActionPublishJUnitReport","testBuildProjectWithPostBuildActionPublishJUnitReport","Check if the 'Latest Test Result' link and test result history chart appear on the project Status Page when the 'Publish JUnit test result report' option of the 'Add post-build actions' is used"
"passed","Sat Jul 22 17:19:59 GMT 2023","Sat Jul 22 17:20:02 GMT 2023","3189","Surefire suite","Surefire test","tests.OrganizationFolderTest","tests.OrganizationFolderTest","testRenameOrganizationFolder","testRenameOrganizationFolder","Verify that the 'Organization Folder' can be renamed"
"passed","Sat Jul 22 17:20:12 GMT 2023","Sat Jul 22 17:20:13 GMT 2023","682","Surefire suite","Surefire test","tests.HeaderComponentTest","tests.HeaderComponentTest","testLogoHeadIconReloadMainPage","testLogoHeadIconReloadMainPage","Verify that 'Search' field value contains expected text {text} and clear after click on the Jenkins icon"
"unknown","Sat Jul 22 17:15:41 GMT 2023","Sat Jul 22 17:15:41 GMT 2023","1","Surefire suite","Surefire test","tests.FreestyleProjectTest","tests.FreestyleProjectTest","testConfigureJobAsParameterized","testConfigureJobAsParameterized","Verify that expected parameters are saved and displayed after build is completed "
"passed","Sat Jul 22 17:25:33 GMT 2023","Sat Jul 22 17:25:35 GMT 2023","2446","Surefire suite","Surefire test","tests.FolderTest","tests.FolderTest","testRenameFolderFromDropDownMenuConfigure","testRenameFolderFromDropDownMenuConfigure","Verify that the name of the folder can be changed through 'Configure' dropdown menu"
"passed","Sat Jul 22 17:26:35 GMT 2023","Sat Jul 22 17:26:38 GMT 2023","2814","Surefire suite","Surefire test","tests.MultiConfigurationProjectTest","tests.MultiConfigurationProjectTest","testMultiConfigurationProjectRenameToInvalidNameViaSideMenu","testMultiConfigurationProjectRenameToInvalidNameViaSideMenu","Verify that the multi-configuration project can be renamed to side menu"
"passed","Sat Jul 22 17:26:06 GMT 2023","Sat Jul 22 17:26:08 GMT 2023","2546","Surefire suite","Surefire test","tests.MultiConfigurationProjectTest","tests.MultiConfigurationProjectTest","testMultiConfigurationProjectDelete","testMultiConfigurationProjectDelete","Verify that the 'MultiConfigurationProject' can be renamed to project status page"
"passed","Sat Jul 22 17:25:12 GMT 2023","Sat Jul 22 17:25:14 GMT 2023","2225","Surefire suite","Surefire test","tests.FolderTest","tests.FolderTest","testDeleteFolder","testDeleteFolder","Verify that the folder can be deleted"
"passed","Sat Jul 22 17:23:24 GMT 2023","Sat Jul 22 17:23:25 GMT 2023","549","Surefire suite","Surefire test","tests.ManageJenkinsTest","tests.ManageJenkinsTest","testNewFullNameAfterReLogging","testNewFullNameAfterReLogging","Verify that the user, after logging out of the session, in which changing of the FullName have been made, is able to see the 'new FullName' in the header when logging in again"
"passed","Sat Jul 22 17:22:22 GMT 2023","Sat Jul 22 17:22:24 GMT 2023","2262","Surefire suite","Surefire test","tests.ManageJenkinsTest","tests.ManageJenkinsTest","testCreateUserWithIncorrectCharactersInName","testCreateUserWithIncorrectCharactersInName","Try to create user with invalid characters in name and verify that error message 'User name must only contain alphanumeric characters, underscore and dash' appeared"
"passed","Sat Jul 22 17:28:09 GMT 2023","Sat Jul 22 17:28:09 GMT 2023","419","Surefire suite","Surefire test","tests.NewItemTest","tests.NewItemTest","testCreateNewItemWithSpecialCharacterName","testCreateNewItemWithSpecialCharacterName","Verify that creating NewItem with special characters is not possible"
"passed","Sat Jul 22 17:17:25 GMT 2023","Sat Jul 22 17:17:27 GMT 2023","2339","Surefire suite","Surefire test","tests.PipelineTest","tests.PipelineTest","testDisablePipelineProjectMessage","testDisablePipelineProjectMessage","Check if pipeline project can be disabled"
"passed","Sat Jul 22 17:24:08 GMT 2023","Sat Jul 22 17:24:11 GMT 2023","2357","Surefire suite","Surefire test","tests.MultibranchPipelineTest","tests.MultibranchPipelineTest","testRenameMultiBranchPipelineFromDropdown","testRenameMultiBranchPipelineFromDropdown","Verify that 'Multibranch Pipeline' can be renamed from the drop-down menu"
"unknown","Sat Jul 22 17:15:41 GMT 2023","Sat Jul 22 17:15:41 GMT 2023","0","Surefire suite","Surefire test","tests.ViewsTest","tests.ViewsTest","testGlobalViewAddFilterBuildQueue","testGlobalViewAddFilterBuildQueue","Verify that 'Filtered Build Queue' is displayed after creating a global view with an option 'Filter build queue'"
"unknown","Sat Jul 22 17:15:41 GMT 2023","Sat Jul 22 17:15:41 GMT 2023","0","Surefire suite","Surefire test","tests.ViewsTest","tests.ViewsTest","testListViewSideMenu","testListViewSideMenu","Verify if side menu options of the 'List View' view is equal to a default list"
"passed","Sat Jul 22 17:18:53 GMT 2023","Sat Jul 22 17:18:57 GMT 2023","3246","Surefire suite","Surefire test","tests.PipelineTest","tests.PipelineTest","testRenamePipelineUsingSpecialCharacter","testRenamePipelineUsingSpecialCharacter","Verify 'Error' page is displayed and '‘<spChar>’ is an unsafe character' error message is displayed if rename pipeline using special character"
"passed","Sat Jul 22 17:22:19 GMT 2023","Sat Jul 22 17:22:20 GMT 2023","1967","Surefire suite","Surefire test","tests.ManageJenkinsTest","tests.ManageJenkinsTest","testCreateUserWithIncorrectCharactersInName","testCreateUserWithIncorrectCharactersInName","Try to create user with invalid characters in name and verify that error message 'User name must only contain alphanumeric characters, underscore and dash' appeared"
"passed","Sat Jul 22 17:22:28 GMT 2023","Sat Jul 22 17:22:30 GMT 2023","2220","Surefire suite","Surefire test","tests.ManageJenkinsTest","tests.ManageJenkinsTest","testCreateUserWithIncorrectCharactersInName","testCreateUserWithIncorrectCharactersInName","Try to create user with invalid characters in name and verify that error message 'User name must only contain alphanumeric characters, underscore and dash' appeared"
"unknown","Sat Jul 22 17:15:41 GMT 2023","Sat Jul 22 17:15:41 GMT 2023","0","Surefire suite","Surefire test","tests.FreestyleProjectTest","tests.FreestyleProjectTest","testBuildProjectWithDiscardOldBuildsMaxLimit","testBuildProjectWithDiscardOldBuildsMaxLimit","Check if the project 'Build History' section on the side menu saves and displays exactly the same amount of builds as configured by the 'Discard Old Builds' option in the Configuration page"
"passed","Sat Jul 22 17:21:27 GMT 2023","Sat Jul 22 17:21:31 GMT 2023","4456","Surefire suite","Surefire test","tests.ManageJenkinsTest","tests.ManageJenkinsTest","testCreateUserWithExistName","testCreateUserWithExistName","Try to create user with exist name and verify that error message 'User name is already taken' appeared"
"passed","Sat Jul 22 17:28:20 GMT 2023","Sat Jul 22 17:28:21 GMT 2023","687","Surefire suite","Surefire test","tests.NewItemTest","tests.NewItemTest","testCreateNewItemWithSpecialCharacterName","testCreateNewItemWithSpecialCharacterName","Verify that creating NewItem with special characters is not possible"
"passed","Sat Jul 22 17:21:46 GMT 2023","Sat Jul 22 17:21:48 GMT 2023","1921","Surefire suite","Surefire test","tests.ManageJenkinsTest","tests.ManageJenkinsTest","testCreateUserWithIncorrectCharactersInName","testCreateUserWithIncorrectCharactersInName","Try to create user with invalid characters in name and verify that error message 'User name must only contain alphanumeric characters, underscore and dash' appeared"
"passed","Sat Jul 22 17:18:38 GMT 2023","Sat Jul 22 17:18:40 GMT 2023","2731","Surefire suite","Surefire test","tests.PipelineTest","tests.PipelineTest","testRenamePipelineUsingSpecialCharacter","testRenamePipelineUsingSpecialCharacter","Verify 'Error' page is displayed and '‘<spChar>’ is an unsafe character' error message is displayed if rename pipeline using special character"
"passed","Sat Jul 22 17:17:34 GMT 2023","Sat Jul 22 17:17:36 GMT 2023","1942","Surefire suite","Surefire test","tests.PipelineTest","tests.PipelineTest","testPipelineHidePreviewDescription","testPipelineHidePreviewDescription","Verify the preview of description is not displayed if click on the 'Hide preview' link"
"passed","Sat Jul 22 17:21:06 GMT 2023","Sat Jul 22 17:21:09 GMT 2023","2680","Surefire suite","Surefire test","tests.ManageJenkinsTest","tests.ManageJenkinsTest","testCreateNewNodeWithValidNameFromDashboard","testCreateNewNodeWithValidNameFromDashboard","Create New Node by clicking on 'Build Executor Status' on Dashboard"
"passed","Sat Jul 22 17:29:15 GMT 2023","Sat Jul 22 17:29:16 GMT 2023","1362","Surefire suite","Surefire test","tests.NewItemTest","tests.NewItemTest","testOrgFolderEmptyNameError","testOrgFolderEmptyNameError","Verify that organization folder can be created with empty name"
"passed","Sat Jul 22 17:28:52 GMT 2023","Sat Jul 22 17:28:54 GMT 2023","1331","Surefire suite","Surefire test","tests.NewItemTest","tests.NewItemTest","testCreateOrgFolderWithEmptyName","testCreateOrgFolderWithEmptyName","Check if organization folder can be created with empty name"
"passed","Sat Jul 22 17:28:04 GMT 2023","Sat Jul 22 17:28:04 GMT 2023","405","Surefire suite","Surefire test","tests.NewItemTest","tests.NewItemTest","testCreateNewItemWithSpecialCharacterName","testCreateNewItemWithSpecialCharacterName","Verify that creating NewItem with special characters is not possible"
"passed","Sat Jul 22 17:20:58 GMT 2023","Sat Jul 22 17:21:01 GMT 2023","3064","Surefire suite","Surefire test","tests.ManageJenkinsTest","tests.ManageJenkinsTest","testCreateNewNodeWithExistedNameFromDashboard","testCreateNewNodeWithExistedNameFromDashboard","Create New Node With Existed Name by clicking on 'Build Executor Status' on Dashboard"
"unknown","Sat Jul 22 17:15:41 GMT 2023","Sat Jul 22 17:15:41 GMT 2023","0","Surefire suite","Surefire test","tests.FreestyleProjectTest","tests.FreestyleProjectTest","testFreestyleProjectBuildDateAndTime","testFreestyleProjectBuildDateAndTime","Verify build time displayed in the 'Build History' section of the side menu s the same as system date and time"
"passed","Sat Jul 22 17:23:56 GMT 2023","Sat Jul 22 17:23:59 GMT 2023","3477","Surefire suite","Surefire test","tests.MultibranchPipelineTest","tests.MultibranchPipelineTest","testMoveMenuOptionIsAvailableWhenFolderIsCreated","testMoveMenuOptionIsAvailableWhenFolderIsCreated","Verify that the 'Move' button is available in the side menu for Multibranch Pipeline if the folder is present"
"passed","Sat Jul 22 17:28:12 GMT 2023","Sat Jul 22 17:28:12 GMT 2023","662","Surefire suite","Surefire test","tests.NewItemTest","tests.NewItemTest","testCreateNewItemWithSpecialCharacterName","testCreateNewItemWithSpecialCharacterName","Verify that creating NewItem with special characters is not possible"
"passed","Sat Jul 22 17:27:56 GMT 2023","Sat Jul 22 17:27:58 GMT 2023","1861","Surefire suite","Surefire test","tests.NewItemTest","tests.NewItemTest","testCreateNewFreestyleProjectWithLongNameFrom256Characters","testCreateNewFreestyleProjectWithLongNameFrom256Characters","Check if a new freestyle project with name from 256 characters can be created"
"unknown","Sat Jul 22 17:15:41 GMT 2023","Sat Jul 22 17:15:41 GMT 2023","0","Surefire suite","Surefire test","tests.ViewsTest","tests.ViewsTest","testListViewAddRegexFilterJobNamesContainingNine","testListViewAddRegexFilterJobNamesContainingNine",""
"unknown","Sat Jul 22 17:15:41 GMT 2023","Sat Jul 22 17:15:41 GMT 2023","0","Surefire suite","Surefire test","tests.ViewsTest","tests.ViewsTest","testLettersSMLClickableMyViews","testLettersSMLClickableMyViews","Verify that all button icon sizes are displayed"
"passed","Sat Jul 22 17:22:25 GMT 2023","Sat Jul 22 17:22:27 GMT 2023","2200","Surefire suite","Surefire test","tests.ManageJenkinsTest","tests.ManageJenkinsTest","testCreateUserWithIncorrectCharactersInName","testCreateUserWithIncorrectCharactersInName","Try to create user with invalid characters in name and verify that error message 'User name must only contain alphanumeric characters, underscore and dash' appeared"
"unknown","Sat Jul 22 17:15:41 GMT 2023","Sat Jul 22 17:15:41 GMT 2023","0","Surefire suite","Surefire test","tests.ViewsTest","tests.ViewsTest","testCreateListViewWithAddSettings","testCreateListViewWithAddSettings","Verify that created List Views contains added settings "
"passed","Sat Jul 22 17:20:38 GMT 2023","Sat Jul 22 17:20:38 GMT 2023","419","Surefire suite","Surefire test","tests.BuildHistoryTest","tests.BuildHistoryTest","testSMLIconsExist","testSMLIconsExist","Verify that 'Small', 'Medium', 'Large' icons are displayed on the 'Build History' page"
"passed","Sat Jul 22 17:21:39 GMT 2023","Sat Jul 22 17:21:41 GMT 2023","1927","Surefire suite","Surefire test","tests.ManageJenkinsTest","tests.ManageJenkinsTest","testCreateUserWithIncorrectCharactersInName","testCreateUserWithIncorrectCharactersInName","Try to create user with invalid characters in name and verify that error message 'User name must only contain alphanumeric characters, underscore and dash' appeared"
"passed","Sat Jul 22 17:26:39 GMT 2023","Sat Jul 22 17:26:50 GMT 2023","10980","Surefire suite","Surefire test","tests.MultiConfigurationProjectTest","tests.MultiConfigurationProjectTest","testMultiConfigurationProjectWithBuildStepCheckBuildSuccess","testMultiConfigurationProjectWithBuildStepCheckBuildSuccess","Verify that the assembly step verifies the success of the assembly"
"passed","Sat Jul 22 17:25:28 GMT 2023","Sat Jul 22 17:25:32 GMT 2023","3786","Surefire suite","Surefire test","tests.FolderTest","tests.FolderTest","testMoveFreestyleProjectInFolderUsingDropDownMenu","testMoveFreestyleProjectInFolderUsingDropDownMenu","Verify the ability to create a 'Freestyle Project' in the folder"
"passed","Sat Jul 22 17:29:02 GMT 2023","Sat Jul 22 17:29:03 GMT 2023","1104","Surefire suite","Surefire test","tests.NewItemTest","tests.NewItemTest","testCreatePipelineAssertOnBreadcrumbs","testCreatePipelineAssertOnBreadcrumbs","Verify if pipeline project can be created and assert it on breadcrumbs menu"
"unknown","Sat Jul 22 17:15:41 GMT 2023","Sat Jul 22 17:15:41 GMT 2023","0","Surefire suite","Surefire test","tests.FreestyleProjectTest","tests.FreestyleProjectTest","testDisableProject","testDisableProject","Verify if Project status contains expected text when 'Disable Project' option has been applied"
"unknown","Sat Jul 22 17:15:41 GMT 2023","Sat Jul 22 17:15:41 GMT 2023","0","Surefire suite","Surefire test","tests.ViewsTest","tests.ViewsTest","testEditListViewPageContainsTitleJobFilters","testEditListViewPageContainsTitleJobFilters","Verify if the 'List view' edit page contains the section 'Job Filters'"
"unknown","Sat Jul 22 17:15:41 GMT 2023","Sat Jul 22 17:15:41 GMT 2023","0","Surefire suite","Surefire test","tests.FreestyleProjectTest","tests.FreestyleProjectTest","testConfigureSourceCodeByGIT","testConfigureSourceCodeByGIT","Verify if project sourced by GitHub successfully built"
"passed","Sat Jul 22 17:22:05 GMT 2023","Sat Jul 22 17:22:08 GMT 2023","2192","Surefire suite","Surefire test","tests.ManageJenkinsTest","tests.ManageJenkinsTest","testCreateUserWithIncorrectCharactersInName","testCreateUserWithIncorrectCharactersInName","Try to create user with invalid characters in name and verify that error message 'User name must only contain alphanumeric characters, underscore and dash' appeared"
"passed","Sat Jul 22 17:19:26 GMT 2023","Sat Jul 22 17:19:29 GMT 2023","3297","Surefire suite","Surefire test","tests.OrganizationFolderTest","tests.OrganizationFolderTest","testChangeStatusToDisableOrgFolder","testChangeStatusToDisableOrgFolder","Verify that the 'Organization Folder' can be disable"
"passed","Sat Jul 22 17:29:16 GMT 2023","Sat Jul 22 17:29:16 GMT 2023","2","Surefire suite","Surefire test","runner.order.OrderForTestsTest","runner.order.OrderForTestsTest","orderMethodsCycleDepTest","orderMethodsCycleDepTest",""
"passed","Sat Jul 22 17:22:46 GMT 2023","Sat Jul 22 17:22:50 GMT 2023","3485","Surefire suite","Surefire test","tests.ManageJenkinsTest","tests.ManageJenkinsTest","testDeleteUserGoingFromStatusUserPage","testDeleteUserGoingFromStatusUserPage","Delete user by 'Delete' on the side menu on the 'Status user' page and verify that deleted user is not displayed on the 'People' page"
"unknown","Sat Jul 22 17:15:41 GMT 2023","Sat Jul 22 17:15:41 GMT 2023","0","Surefire suite","Surefire test","tests.ViewsTest","tests.ViewsTest","testDeselectJobsFromListView","testDeselectJobsFromListView","Verify that added jobs to list view was removed and notification message was appeared"
"passed","Sat Jul 22 17:27:43 GMT 2023","Sat Jul 22 17:27:44 GMT 2023","622","Surefire suite","Surefire test","tests.NewItemTest","tests.NewItemTest","testCreateMultibranchPipelineEmptyName","testCreateMultibranchPipelineEmptyName","Check if multibranch pipeline with empty name can be created"
"passed","Sat Jul 22 17:28:15 GMT 2023","Sat Jul 22 17:28:16 GMT 2023","650","Surefire suite","Surefire test","tests.NewItemTest","tests.NewItemTest","testCreateNewItemWithSpecialCharacterName","testCreateNewItemWithSpecialCharacterName","Verify that creating NewItem with special characters is not possible"
"passed","Sat Jul 22 17:26:04 GMT 2023","Sat Jul 22 17:26:05 GMT 2023","1249","Surefire suite","Surefire test","tests.MultiConfigurationProjectTest","tests.MultiConfigurationProjectTest","testMultiConfigurationProjectsRunJobInBuildHistory","testMultiConfigurationProjectsRunJobInBuildHistory",""
"passed","Sat Jul 22 17:19:46 GMT 2023","Sat Jul 22 17:19:49 GMT 2023","2956","Surefire suite","Surefire test","tests.OrganizationFolderTest","tests.OrganizationFolderTest","testDeleteOrganizationFolderDependsMethods","testDeleteOrganizationFolderDependsMethods","Verify that the 'Organization Folder' can be deleted with the 'Delete' on the side menu"
"passed","Sat Jul 22 17:21:49 GMT 2023","Sat Jul 22 17:21:51 GMT 2023","1959","Surefire suite","Surefire test","tests.ManageJenkinsTest","tests.ManageJenkinsTest","testCreateUserWithIncorrectCharactersInName","testCreateUserWithIncorrectCharactersInName","Try to create user with invalid characters in name and verify that error message 'User name must only contain alphanumeric characters, underscore and dash' appeared"
"passed","Sat Jul 22 17:29:04 GMT 2023","Sat Jul 22 17:29:06 GMT 2023","1745","Surefire suite","Surefire test","tests.NewItemTest","tests.NewItemTest","testCreatePipelineAssertOnDashboard","testCreatePipelineAssertOnDashboard","Check if pipeline project can be created and assert it on Dashboard"
"unknown","Sat Jul 22 17:15:41 GMT 2023","Sat Jul 22 17:15:41 GMT 2023","0","Surefire suite","Surefire test","tests.FreestyleProjectTest","tests.FreestyleProjectTest","testViewFreestyleProjectPage","testViewFreestyleProjectPage","Verify if Project name link on the Dashboard forwards to appropriate Project page"
"passed","Sat Jul 22 17:20:31 GMT 2023","Sat Jul 22 17:20:31 GMT 2023","369","Surefire suite","Surefire test","tests.BuildHistoryTest","tests.BuildHistoryTest","testIconLegendExist","testIconLegendExist","Verify that the 'Icon Legend' exist on the 'Build History' page"
"passed","Sat Jul 22 17:24:36 GMT 2023","Sat Jul 22 17:24:38 GMT 2023","1486","Surefire suite","Surefire test","tests.FolderTest","tests.FolderTest","testCreateFolderWithDescription","testCreateFolderWithDescription","Verify the ability to create a new folder with description"
"passed","Sat Jul 22 17:28:05 GMT 2023","Sat Jul 22 17:28:06 GMT 2023","645","Surefire suite","Surefire test","tests.NewItemTest","tests.NewItemTest","testCreateNewItemWithSpecialCharacterName","testCreateNewItemWithSpecialCharacterName","Verify that creating NewItem with special characters is not possible"
"passed","Sat Jul 22 17:28:13 GMT 2023","Sat Jul 22 17:28:14 GMT 2023","637","Surefire suite","Surefire test","tests.NewItemTest","tests.NewItemTest","testCreateNewItemWithSpecialCharacterName","testCreateNewItemWithSpecialCharacterName","Verify that creating NewItem with special characters is not possible"
"passed","Sat Jul 22 17:16:23 GMT 2023","Sat Jul 22 17:16:24 GMT 2023","774","Surefire suite","Surefire test","tests.UserProfileTest","tests.UserProfileTest","testUserProfileEditDescription","testUserProfileEditDescription","Verify if description text has been changed on the Status User Page"
"passed","Sat Jul 22 17:20:40 GMT 2023","Sat Jul 22 17:20:54 GMT 2023","14110","Surefire suite","Surefire test","tests.ManageJenkinsTest","tests.ManageJenkinsTest","testChangeDefaultView","testChangeDefaultView","Change default view on 'Jenkins Configure System' page and verify that Default view is changed on the dashboard"
"passed","Sat Jul 22 17:16:28 GMT 2023","Sat Jul 22 17:16:28 GMT 2023","570","Surefire suite","Surefire test","tests.UserProfileTest","tests.UserProfileTest","testUserProfilePreviewDescription","testUserProfilePreviewDescription","Verify if description text is the same as expected after clicking 'Preview' link on the Status User Page"
"passed","Sat Jul 22 17:16:38 GMT 2023","Sat Jul 22 17:16:39 GMT 2023","603","Surefire suite","Surefire test","tests.FooterComponentTest","tests.FooterComponentTest","testFooterRestApiClickOnXmlApiDisplayXML","testFooterRestApiClickOnXmlApiDisplayXML","Verification of getting an example XML-schema"
"unknown","Sat Jul 22 17:15:41 GMT 2023","Sat Jul 22 17:15:41 GMT 2023","0","Surefire suite","Surefire test","tests.FreestyleProjectTest","tests.FreestyleProjectTest","testRenameFreestyleProject","testRenameFreestyleProject","Verify if the list of projects' names on Dashboard contains expected Project name.Thus proving that the project renamed successfully."
"passed","Sat Jul 22 17:16:37 GMT 2023","Sat Jul 22 17:16:37 GMT 2023","328","Surefire suite","Surefire test","tests.FooterComponentTest","tests.FooterComponentTest","testFooterLinkRestRedirectToPage","testFooterLinkRestRedirectToPage","Verification that the link redirect to the '/api/' page"
"passed","Sat Jul 22 17:23:13 GMT 2023","Sat Jul 22 17:23:20 GMT 2023","7620","Surefire suite","Surefire test","tests.ManageJenkinsTest","tests.ManageJenkinsTest","testPluginManagerInstallPlugin","testPluginManagerInstallPlugin","Verify that installed plugin NOT found in 'Available' tab installed plugin but found in 'Installed' tab"
"passed","Sat Jul 22 17:21:21 GMT 2023","Sat Jul 22 17:21:23 GMT 2023","2160","Surefire suite","Surefire test","tests.ManageJenkinsTest","tests.ManageJenkinsTest","testCreateUserWithEmptyName","testCreateUserWithEmptyName","Try to create user with empty name and verify that error message '"""" is prohibited as a username for security reasons.' appeared"
"unknown","Sat Jul 22 17:15:41 GMT 2023","Sat Jul 22 17:15:41 GMT 2023","0","Surefire suite","Surefire test","tests.ViewsTest","tests.ViewsTest","testEditDescription","testEditDescription","Verify if description of 'My views' page is edited"
"unknown","Sat Jul 22 17:15:41 GMT 2023","Sat Jul 22 17:15:41 GMT 2023","0","Surefire suite","Surefire test","tests.FreestyleProjectTest","tests.FreestyleProjectTest","testFreestyleProjectConfigureByDropdown","testFreestyleProjectConfigureByDropdown","Verify if 'Configure' menu in the Project dropdown menu on the Dashboard leads to 'Configuration' page"
"passed","Sat Jul 22 17:24:28 GMT 2023","Sat Jul 22 17:24:31 GMT 2023","3059","Surefire suite","Surefire test","tests.FolderTest","tests.FolderTest","testCreateFolderInFolderFromCreateJob","testCreateFolderInFolderFromCreateJob","Verify the ability to create folder in the folder using the option 'Create a job'"
"passed","Sat Jul 22 17:18:33 GMT 2023","Sat Jul 22 17:18:36 GMT 2023","3059","Surefire suite","Surefire test","tests.PipelineTest","tests.PipelineTest","testRenamePipelineUsingSpecialCharacter","testRenamePipelineUsingSpecialCharacter","Verify 'Error' page is displayed and '‘<spChar>’ is an unsafe character' error message is displayed if rename pipeline using special character"
"unknown","Sat Jul 22 17:15:41 GMT 2023","Sat Jul 22 17:15:41 GMT 2023","0","Surefire suite","Surefire test","tests.FreestyleProjectTest","tests.FreestyleProjectTest","testDownstreamProjectSectionAndListOfConnectedProjectsAppearsOnUpstreamProjectStatusPage","testDownstreamProjectSectionAndListOfConnectedProjectsAppearsOnUpstreamProjectStatusPage","Check the downstream project section and list of connected projects appear on the StatusPage of the Upstream project"
"passed","Sat Jul 22 17:29:16 GMT 2023","Sat Jul 22 17:29:16 GMT 2023","1","Surefire suite","Surefire test","runner.order.OrderForTestsTest","runner.order.OrderForTestsTest","orderMethodsNoDepTest","orderMethodsNoDepTest",""
"passed","Sat Jul 22 17:20:36 GMT 2023","Sat Jul 22 17:20:37 GMT 2023","442","Surefire suite","Surefire test","tests.BuildHistoryTest","tests.BuildHistoryTest","testRssItemsExist","testRssItemsExist","Verify that the icons of three RSS feeds exist on the 'Build History' page"
"passed","Sat Jul 22 17:28:59 GMT 2023","Sat Jul 22 17:29:01 GMT 2023","1652","Surefire suite","Surefire test","tests.NewItemTest","tests.NewItemTest","testCreatePipelineAssertInsideJob","testCreatePipelineAssertInsideJob","Verify that pipeline project can be created and assert it on job page"
"passed","Sat Jul 22 17:25:02 GMT 2023","Sat Jul 22 17:25:05 GMT 2023","3492","Surefire suite","Surefire test","tests.FolderTest","tests.FolderTest","testCreateMultibranchPipelineProjectInFolder","testCreateMultibranchPipelineProjectInFolder","Confirm that the 'Multibranch Pipeline' project was successfully created within the folder"
"passed","Sat Jul 22 17:20:34 GMT 2023","Sat Jul 22 17:20:35 GMT 2023","569","Surefire suite","Surefire test","tests.BuildHistoryTest","tests.BuildHistoryTest","testRedirectToMainPage","testRedirectToMainPage","Verify that click on Dashboard on 'BuildHistory' page redirects to the main page"
"unknown","Sat Jul 22 17:15:41 GMT 2023","Sat Jul 22 17:15:41 GMT 2023","0","Surefire suite","Surefire test","tests.FreestyleProjectTest","tests.FreestyleProjectTest","testBuildGitProjectWithBuildStepsMavenClean","testBuildGitProjectWithBuildStepsMavenClean","Verify if 'target' folder disappears from the 'Workspace' page when Build Steps goal: 'clean' is set. Thus confirming that 'clean' command is succeed. Project sourced from GitHub using Maven."
"unknown","Sat Jul 22 17:15:41 GMT 2023","Sat Jul 22 17:15:41 GMT 2023","0","Surefire suite","Surefire test","tests.PipelineTest","tests.PipelineTest","testBuildParametrizedProject","testBuildParametrizedProject","Verify Console Output contains Tests result 'BUILD SUCCESS' and Message: 'Finished: SUCCESS' if build parametrized project"
"passed","Sat Jul 22 17:16:25 GMT 2023","Sat Jul 22 17:16:26 GMT 2023","952","Surefire suite","Surefire test","tests.UserProfileTest","tests.UserProfileTest","testUserProfileHidePreviewDescription","testUserProfileHidePreviewDescription","Verify if 'Hide preview' link disappears after clicking 'Hide preview' link "
"passed","Sat Jul 22 17:24:03 GMT 2023","Sat Jul 22 17:24:07 GMT 2023","4102","Surefire suite","Surefire test","tests.MultibranchPipelineTest","tests.MultibranchPipelineTest","testMoveMultiBranchPipeline","testMoveMultiBranchPipeline","Verify that the 'Multibranch Pipeline' can be moved to another folder"
"passed","Sat Jul 22 17:21:24 GMT 2023","Sat Jul 22 17:21:26 GMT 2023","1939","Surefire suite","Surefire test","tests.ManageJenkinsTest","tests.ManageJenkinsTest","testCreateUserWithEmptyPassword","testCreateUserWithEmptyPassword","Try to create user with empty 'Password' field and verify that error message 'Password is required' appeared"
"passed","Sat Jul 22 17:24:58 GMT 2023","Sat Jul 22 17:25:01 GMT 2023","3398","Surefire suite","Surefire test","tests.FolderTest","tests.FolderTest","testCreateMultiConfigurationProjectInFolder","testCreateMultiConfigurationProjectInFolder","Verify the ability to create a 'Multi-configuration project' in existed folder"
"passed","Sat Jul 22 17:24:15 GMT 2023","Sat Jul 22 17:24:18 GMT 2023","2019","Surefire suite","Surefire test","tests.FolderTest","tests.FolderTest","testAddFolderDescription","testAddFolderDescription","Ensure the ability to add a description to an existing folder through the field 'Description'"
"passed","Sat Jul 22 17:24:38 GMT 2023","Sat Jul 22 17:24:39 GMT 2023","1129","Surefire suite","Surefire test","tests.FolderTest","tests.FolderTest","testRenameFolderWithDescription","testRenameFolderWithDescription","Verify the ability to rename a folder's name with a description"
"unknown","Sat Jul 22 17:15:41 GMT 2023","Sat Jul 22 17:15:41 GMT 2023","0","Surefire suite","Surefire test","tests.FreestyleProjectTest","tests.FreestyleProjectTest","testNoBuildFreestyleProjectChanges","testNoBuildFreestyleProjectChanges","Verify if Changes Builds Page contains expected text"
"passed","Sat Jul 22 17:28:07 GMT 2023","Sat Jul 22 17:28:07 GMT 2023","659","Surefire suite","Surefire test","tests.NewItemTest","tests.NewItemTest","testCreateNewItemWithSpecialCharacterName","testCreateNewItemWithSpecialCharacterName","Verify that creating NewItem with special characters is not possible"
"passed","Sat Jul 22 17:15:49 GMT 2023","Sat Jul 22 17:15:56 GMT 2023","6933","Surefire suite","Surefire test","tests.CopyItemTest","tests.CopyItemTest","testCopyFromNotExistItemName","testCopyFromNotExistItemName","Verify if attempting to create a new item from a non-existent item results in an error"
"passed","Sat Jul 22 17:20:03 GMT 2023","Sat Jul 22 17:20:06 GMT 2023","3398","Surefire suite","Surefire test","tests.HeaderComponentTest","tests.HeaderComponentTest","testCheckTheAppropriateSearchResult","testCheckTheAppropriateSearchResult","Verify that list of search results is not empty and contains expected search request"
"passed","Sat Jul 22 17:25:51 GMT 2023","Sat Jul 22 17:26:03 GMT 2023","12690","Surefire suite","Surefire test","tests.MultiConfigurationProjectTest","tests.MultiConfigurationProjectTest","testMultiConfigurationProjectBuild","testMultiConfigurationProjectBuild","Verify that the 'MultiConfigurationProject' I can make to build multi-configuration projects, so that I can build them manually"
"passed","Sat Jul 22 17:22:09 GMT 2023","Sat Jul 22 17:22:11 GMT 2023","2295","Surefire suite","Surefire test","tests.ManageJenkinsTest","tests.ManageJenkinsTest","testCreateUserWithIncorrectCharactersInName","testCreateUserWithIncorrectCharactersInName","Try to create user with invalid characters in name and verify that error message 'User name must only contain alphanumeric characters, underscore and dash' appeared"
"passed","Sat Jul 22 17:17:32 GMT 2023","Sat Jul 22 17:17:33 GMT 2023","802","Surefire suite","Surefire test","tests.PipelineTest","tests.PipelineTest","testEditPipelineDescription","testEditPipelineDescription","Verify the description for Pipeline project on the Pipeline page is displayed if edit description"
"passed","Sat Jul 22 17:20:11 GMT 2023","Sat Jul 22 17:20:11 GMT 2023","47","Surefire suite","Surefire test","tests.HeaderComponentTest","tests.HeaderComponentTest","testLogoHeadIconIsSeen","testLogoHeadIconIsSeen","Verify that Jenkins icon is displayed and enabled in the Header"
"passed","Sat Jul 22 17:18:58 GMT 2023","Sat Jul 22 17:19:01 GMT 2023","3305","Surefire suite","Surefire test","tests.PipelineTest","tests.PipelineTest","testRenamePipelineWithValidName","testRenamePipelineWithValidName","Check if pipeline project can be renamed"
"unknown","Sat Jul 22 17:15:41 GMT 2023","Sat Jul 22 17:15:41 GMT 2023","0","Surefire suite","Surefire test","tests.ViewsTest","tests.ViewsTest","testViewHasListOfItems","testViewHasListOfItems",""
"unknown","Sat Jul 22 17:15:41 GMT 2023","Sat Jul 22 17:15:41 GMT 2023","0","Surefire suite","Surefire test","tests.ViewsTest","tests.ViewsTest","testDeleteView","testDeleteView",""
"passed","Sat Jul 22 17:25:23 GMT 2023","Sat Jul 22 17:25:27 GMT 2023","3634","Surefire suite","Surefire test","tests.FolderTest","tests.FolderTest","testMoveFolderInFolderFromDropdownMenuMoveButton","testMoveFolderInFolderFromDropdownMenuMoveButton","Verify that the folder can be moved into another folder from dropdown menu"
"passed","Sat Jul 22 17:21:56 GMT 2023","Sat Jul 22 17:21:58 GMT 2023","2072","Surefire suite","Surefire test","tests.ManageJenkinsTest","tests.ManageJenkinsTest","testCreateUserWithIncorrectCharactersInName","testCreateUserWithIncorrectCharactersInName","Try to create user with invalid characters in name and verify that error message 'User name must only contain alphanumeric characters, underscore and dash' appeared"
"passed","Sat Jul 22 17:16:19 GMT 2023","Sat Jul 22 17:16:19 GMT 2023","677","Surefire suite","Surefire test","tests.PeoplePageTest","tests.PeoplePageTest","testViewPeoplePage","testViewPeoplePage","Verify the header of the 'People' page"
"passed","Sat Jul 22 17:24:22 GMT 2023","Sat Jul 22 17:24:24 GMT 2023","2254","Surefire suite","Surefire test","tests.FolderTest","tests.FolderTest","testConfigureChangeFolderDisplayName","testConfigureChangeFolderDisplayName","Verify the ability to create a unique display name for the folder"
"passed","Sat Jul 22 17:20:16 GMT 2023","Sat Jul 22 17:20:16 GMT 2023","672","Surefire suite","Surefire test","tests.HeaderComponentTest","tests.HeaderComponentTest","testReturnFromNewItemPageToHomePageByClickingOnHeadIcon","testReturnFromNewItemPageToHomePageByClickingOnHeadIcon","Verify if click on the Jenkins icon leads to the Main page that confirmed by base URL"
"passed","Sat Jul 22 17:22:02 GMT 2023","Sat Jul 22 17:22:04 GMT 2023","1987","Surefire suite","Surefire test","tests.ManageJenkinsTest","tests.ManageJenkinsTest","testCreateUserWithIncorrectCharactersInName","testCreateUserWithIncorrectCharactersInName","Try to create user with invalid characters in name and verify that error message 'User name must only contain alphanumeric characters, underscore and dash' appeared"
"passed","Sat Jul 22 17:17:39 GMT 2023","Sat Jul 22 17:17:42 GMT 2023","2520","Surefire suite","Surefire test","tests.PipelineTest","tests.PipelineTest","testPipelineSideMenuLinks","testPipelineSideMenuLinks","Verify after clicking on the 'Existing Job' we can see left panel with Side Menu links: Changes, Build Now,Configure, Delete Pipeline, Full Stage View, Rename, Pipeline Syntax"
"passed","Sat Jul 22 17:26:15 GMT 2023","Sat Jul 22 17:26:18 GMT 2023","2411","Surefire suite","Surefire test","tests.MultiConfigurationProjectTest","tests.MultiConfigurationProjectTest","testMultiConfigurationProjectDisableCheckIconDashboardPage","testMultiConfigurationProjectDisableCheckIconDashboardPage","Check if multi-configuration project can be disabled"
"passed","Sat Jul 22 17:24:26 GMT 2023","Sat Jul 22 17:24:27 GMT 2023","1522","Surefire suite","Surefire test","tests.FolderTest","tests.FolderTest","testCreateFolder","testCreateFolder","Verify the ability to create a new folder for organizing items"
"passed","Sat Jul 22 17:23:26 GMT 2023","Sat Jul 22 17:23:33 GMT 2023","7558","Surefire suite","Surefire test","tests.ManageJenkinsTest","tests.ManageJenkinsTest","testSetSystemMessage","testSetSystemMessage","Add a system message to the Jenkins configuration and verify that this message is displayed on the dashboard and on the folder status page"
"passed","Sat Jul 22 17:25:15 GMT 2023","Sat Jul 22 17:25:17 GMT 2023","2079","Surefire suite","Surefire test","tests.FolderTest","tests.FolderTest","testDeleteFolderUsingDropDown","testDeleteFolderUsingDropDown","Confirm that the folder was successfully deleted by using the dropdown menu"
"passed","Sat Jul 22 17:26:59 GMT 2023","Sat Jul 22 17:27:08 GMT 2023","8297","Surefire suite","Surefire test","tests.MultiConfigurationProjectTest","tests.MultiConfigurationProjectTest","testSetConfigurationMatrix","testSetConfigurationMatrix","Verify that can there wil be create configuration matrix with non build stages"
"passed","Sat Jul 22 17:28:28 GMT 2023","Sat Jul 22 17:28:29 GMT 2023","624","Surefire suite","Surefire test","tests.NewItemTest","tests.NewItemTest","testCreateNewItemWithSpecialCharacterName","testCreateNewItemWithSpecialCharacterName","Verify that creating NewItem with special characters is not possible"
"unknown","Sat Jul 22 17:15:41 GMT 2023","Sat Jul 22 17:15:41 GMT 2023","2","Surefire suite","Surefire test","tests.ViewsTest","tests.ViewsTest","testCreateListViewAndAddSixItems","testCreateListViewAndAddSixItems","Verify that Multibranch Pipeline contains expected Views : Global View, List View, My View"
"passed","Sat Jul 22 17:18:49 GMT 2023","Sat Jul 22 17:18:52 GMT 2023","2933","Surefire suite","Surefire test","tests.PipelineTest","tests.PipelineTest","testRenamePipelineUsingSpecialCharacter","testRenamePipelineUsingSpecialCharacter","Verify 'Error' page is displayed and '‘<spChar>’ is an unsafe character' error message is displayed if rename pipeline using special character"
"passed","Sat Jul 22 17:16:00 GMT 2023","Sat Jul 22 17:16:04 GMT 2023","4296","Surefire suite","Surefire test","tests.PeoplePageTest","tests.PeoplePageTest","testFindUserInThePeopleSection","testFindUserInThePeopleSection","Locate a newly created user within the 'People' section"
"unknown","Sat Jul 22 17:15:41 GMT 2023","Sat Jul 22 17:15:41 GMT 2023","0","Surefire suite","Surefire test","tests.FreestyleProjectTest","tests.FreestyleProjectTest","testDeleteFreestyleProject","testDeleteFreestyleProject","Verify deletion of the project using side menu"
"passed","Sat Jul 22 17:21:11 GMT 2023","Sat Jul 22 17:21:13 GMT 2023","2406","Surefire suite","Surefire test","tests.ManageJenkinsTest","tests.ManageJenkinsTest","testCreateUser","testCreateUser","Create user going from 'Manage Users' page with valid data and verify that new user is created and is displayed on the 'Manage users' page"
"passed","Sat Jul 22 17:26:13 GMT 2023","Sat Jul 22 17:26:14 GMT 2023","1341","Surefire suite","Surefire test","tests.MultiConfigurationProjectTest","tests.MultiConfigurationProjectTest","testMultiConfigurationProjectEnable","testMultiConfigurationProjectEnable","Verify that the multi-configuration project can be enabled to project configuration page"
"passed","Sat Jul 22 17:20:33 GMT 2023","Sat Jul 22 17:20:33 GMT 2023","342","Surefire suite","Surefire test","tests.BuildHistoryTest","tests.BuildHistoryTest","testNumberOfColumnsInProjectStatusTable","testNumberOfColumnsInProjectStatusTable","Verify the number of columns in 'Project Status' table on the 'Build History' page"
"passed","Sat Jul 22 17:25:43 GMT 2023","Sat Jul 22 17:25:46 GMT 2023","2816","Surefire suite","Surefire test","tests.MultiConfigurationProjectTest","tests.MultiConfigurationProjectTest","testFindMultiConfigurationProject","testFindMultiConfigurationProject","Verify that the so that can find a previously created multi-configuration project"
"passed","Sat Jul 22 17:29:16 GMT 2023","Sat Jul 22 17:29:16 GMT 2023","0","Surefire suite","Surefire test","runner.order.OrderForTestsTest","runner.order.OrderForTestsTest","orderMethodsTest","orderMethodsTest",""
"unknown","Sat Jul 22 17:15:41 GMT 2023","Sat Jul 22 17:15:41 GMT 2023","0","Surefire suite","Surefire test","tests.ViewsTest","tests.ViewsTest","testAddJobsToListView","testAddJobsToListView","Verify that created List Views contains added jobs:Freestyle Poject and Pipeline"
"passed","Sat Jul 22 17:26:24 GMT 2023","Sat Jul 22 17:26:26 GMT 2023","2882","Surefire suite","Surefire test","tests.MultiConfigurationProjectTest","tests.MultiConfigurationProjectTest","testMultiConfigurationProjectEnableCheckIconDashboardPage","testMultiConfigurationProjectEnableCheckIconDashboardPage","Check if disabled multi-configuration project can be enabled"
"unknown","Sat Jul 22 17:15:41 GMT 2023","Sat Jul 22 17:15:41 GMT 2023","0","Surefire suite","Surefire test","tests.FreestyleProjectTest","tests.FreestyleProjectTest","testBuildProjectWithBuildOtherProjectOption","testBuildProjectWithBuildOtherProjectOption","Verify if the Downstream project is built automatically directly upon the Upstream project is built.Stream is set using 'Build other project' option is in 'Post-Build Actions' section of the Configuration Page"
"passed","Sat Jul 22 17:26:27 GMT 2023","Sat Jul 22 17:26:30 GMT 2023","2711","Surefire suite","Surefire test","tests.MultiConfigurationProjectTest","tests.MultiConfigurationProjectTest","testMultiConfigurationProjectRenameProjectViaDropDownMenu","testMultiConfigurationProjectRenameProjectViaDropDownMenu","Verify that the multi-configuration project can be renamed in the drop-down menu"
"passed","Sat Jul 22 17:18:46 GMT 2023","Sat Jul 22 17:18:48 GMT 2023","2619","Surefire suite","Surefire test","tests.PipelineTest","tests.PipelineTest","testRenamePipelineUsingSpecialCharacter","testRenamePipelineUsingSpecialCharacter","Verify 'Error' page is displayed and '‘<spChar>’ is an unsafe character' error message is displayed if rename pipeline using special character"
"passed","Sat Jul 22 17:24:19 GMT 2023","Sat Jul 22 17:24:21 GMT 2023","2408","Surefire suite","Surefire test","tests.FolderTest","tests.FolderTest","testAddFolderDescriptionFromDropDownConfigure","testAddFolderDescriptionFromDropDownConfigure","Ensure the ability to add a description to an existing folder through the folder's dropdown menu"
"passed","Sat Jul 22 17:21:36 GMT 2023","Sat Jul 22 17:21:38 GMT 2023","1963","Surefire suite","Surefire test","tests.ManageJenkinsTest","tests.ManageJenkinsTest","testCreateUserWithIncorrectCharactersInName","testCreateUserWithIncorrectCharactersInName","Try to create user with invalid characters in name and verify that error message 'User name must only contain alphanumeric characters, underscore and dash' appeared"
"passed","Sat Jul 22 17:22:31 GMT 2023","Sat Jul 22 17:22:35 GMT 2023","3804","Surefire suite","Surefire test","tests.ManageJenkinsTest","tests.ManageJenkinsTest","testDeleteUser","testDeleteUser","Delete user by 'delete user' icon in the table on the 'Manage users' page and verify that deleted user is not displayed on the 'Manage users' page"
"passed","Sat Jul 22 17:16:08 GMT 2023","Sat Jul 22 17:16:09 GMT 2023","535","Surefire suite","Surefire test","tests.PeoplePageTest","tests.PeoplePageTest","testPeoplePageContent","testPeoplePageContent","Checking for the presence of required elements on the page: header, footer, buttons"
"passed","Sat Jul 22 17:27:24 GMT 2023","Sat Jul 22 17:27:25 GMT 2023","555","Surefire suite","Surefire test","tests.NewItemTest","tests.NewItemTest","testCheckNavigationToNewItemPage","testCheckNavigationToNewItemPage","Check if 'New Item' button on side menu navigates to NewItemPage"
"passed","Sat Jul 22 17:19:30 GMT 2023","Sat Jul 22 17:19:35 GMT 2023","4682","Surefire suite","Surefire test","tests.OrganizationFolderTest","tests.OrganizationFolderTest","testCheckChildHealthMetrics","testCheckChildHealthMetrics","The child health metrics can be added to Organization folder"
"unknown","Sat Jul 22 17:15:41 GMT 2023","Sat Jul 22 17:15:41 GMT 2023","0","Surefire suite","Surefire test","tests.ViewsTest","tests.ViewsTest","testCreateViews","testCreateViews","Verify that Multibranch Pipeline contains expected Views : Global View, List View, My View"
"passed","Sat Jul 22 17:17:56 GMT 2023","Sat Jul 22 17:17:59 GMT 2023","2677","Surefire suite","Surefire test","tests.PipelineTest","tests.PipelineTest","testRenamePipelineUsingSpecialCharacter","testRenamePipelineUsingSpecialCharacter","Verify 'Error' page is displayed and '‘<spChar>’ is an unsafe character' error message is displayed if rename pipeline using special character"
"passed","Sat Jul 22 17:18:09 GMT 2023","Sat Jul 22 17:18:12 GMT 2023","2705","Surefire suite","Surefire test","tests.PipelineTest","tests.PipelineTest","testRenamePipelineUsingSpecialCharacter","testRenamePipelineUsingSpecialCharacter","Verify 'Error' page is displayed and '‘<spChar>’ is an unsafe character' error message is displayed if rename pipeline using special character"
"passed","Sat Jul 22 17:18:25 GMT 2023","Sat Jul 22 17:18:28 GMT 2023","3227","Surefire suite","Surefire test","tests.PipelineTest","tests.PipelineTest","testRenamePipelineUsingSpecialCharacter","testRenamePipelineUsingSpecialCharacter","Verify 'Error' page is displayed and '‘<spChar>’ is an unsafe character' error message is displayed if rename pipeline using special character"
"passed","Sat Jul 22 17:28:02 GMT 2023","Sat Jul 22 17:28:02 GMT 2023","399","Surefire suite","Surefire test","tests.NewItemTest","tests.NewItemTest","testCreateNewItemTypePipelineWithEmptyName","testCreateNewItemTypePipelineWithEmptyName","Check if pipeline job can be created without name"
"passed","Sat Jul 22 17:25:08 GMT 2023","Sat Jul 22 17:25:11 GMT 2023","3140","Surefire suite","Surefire test","tests.FolderTest","tests.FolderTest","testCreatePipelineInFolderFromCreateJobButton","testCreatePipelineInFolderFromCreateJobButton","Confirm that a 'Pipeline Project' was created within the folder by using the 'Create a job' button"
"passed","Sat Jul 22 17:28:50 GMT 2023","Sat Jul 22 17:28:51 GMT 2023","1483","Surefire suite","Surefire test","tests.NewItemTest","tests.NewItemTest","testCreateOrgFolder","testCreateOrgFolder","Verify that organization folder can be created"
"passed","Sat Jul 22 17:20:08 GMT 2023","Sat Jul 22 17:20:08 GMT 2023","453","Surefire suite","Surefire test","tests.HeaderComponentTest","tests.HeaderComponentTest","testCountAndNamesItemsInUserDropdownMenu","testCountAndNamesItemsInUserDropdownMenu","Verify a quantity and titles of User dropdown menu lines"
"passed","Sat Jul 22 17:28:55 GMT 2023","Sat Jul 22 17:28:58 GMT 2023","2848","Surefire suite","Surefire test","tests.NewItemTest","tests.NewItemTest","testCreateOrgFolderWithExistingName","testCreateOrgFolderWithExistingName","Verify that organization folder can be created with name, that is a name of other existing project"
"unknown","Sat Jul 22 17:15:41 GMT 2023","Sat Jul 22 17:15:41 GMT 2023","0","Surefire suite","Surefire test","tests.FreestyleProjectTest","tests.FreestyleProjectTest","testAddDescription","testAddDescription","Verify if expected description of the project has been added"
"passed","Sat Jul 22 17:19:13 GMT 2023","Sat Jul 22 17:19:24 GMT 2023","11532","Surefire suite","Surefire test","tests.PipelineTest","tests.PipelineTest","testWarningMessageIsDisappeared","testWarningMessageIsDisappeared","Verify if the warning message disappears when 'Name' field of 'Maven section' is filled in and 'Apply' button is clicked"
"passed","Sat Jul 22 17:23:50 GMT 2023","Sat Jul 22 17:23:52 GMT 2023","1767","Surefire suite","Surefire test","tests.MultibranchPipelineTest","tests.MultibranchPipelineTest","testDisableMultiBranchPipeline","testDisableMultiBranchPipeline","Verify that the 'Multibranch Pipeline' can be disable"
"passed","Sat Jul 22 17:16:29 GMT 2023","Sat Jul 22 17:16:32 GMT 2023","2658","Surefire suite","Surefire test","tests.FooterComponentTest","tests.FooterComponentTest","testFooterLinkJenkinsIsClickable","testFooterLinkJenkinsIsClickable","Verification that the link redirect to the 'https://www.jenkins.io/'"
"passed","Sat Jul 22 17:26:19 GMT 2023","Sat Jul 22 17:26:22 GMT 2023","2405","Surefire suite","Surefire test","tests.MultiConfigurationProjectTest","tests.MultiConfigurationProjectTest","testMultiConfigurationProjectDisableCheckIconProjectName","testMultiConfigurationProjectDisableCheckIconProjectName","Verify that when you turn off the project, the project icon changes its status to 'disable' on the project configuration page"
"passed","Sat Jul 22 17:16:21 GMT 2023","Sat Jul 22 17:16:22 GMT 2023","1161","Surefire suite","Surefire test","tests.UserProfileTest","tests.UserProfileTest","testUserProfileAddDescription","testUserProfileAddDescription","Verify if the description text on the User Profile page is the same as expected after it has been edited and saved"
"passed","Sat Jul 22 17:17:01 GMT 2023","Sat Jul 22 17:17:19 GMT 2023","17252","Surefire suite","Surefire test","tests.PipelineTest","tests.PipelineTest","testConfigureProjectToBeBuiltAfterBuildingOtherProject","testConfigureProjectToBeBuiltAfterBuildingOtherProject","Configure project to be automatically built after successful building of the other project"
